state,tid,spec,result,misc,exp_key,owner,version,book_time,refresh_time,loss,status,params.entry_lam,params.pk_lam,params.pp_lam,params.recovery_lam,params.x_lam,params.x_splines,params.y_lam,params.y_splines
2,0,,"{'loss': 2.023569670048708, 'params': {'entry_lam': 0.06819211961867257, 'pk_lam': 0.11538022192661734, 'pp_lam': 0.3099617875647684, 'recovery_lam': 2.6664654750315537, 'x_lam': 0.3955817571114227, 'x_splines': 11.0, 'y_lam': 145.5995931997209, 'y_splines': 19.0}, 'status': 'ok'}","{'tid': 0, 'cmd': ('domain_attachment', 'FMinIter_Domain'), 'workdir': None, 'idxs': {'entry_lam': [0], 'pk_lam': [0], 'pp_lam': [0], 'recovery_lam': [0], 'x_lam': [0], 'x_splines': [0], 'y_lam': [0], 'y_splines': [0]}, 'vals': {'entry_lam': [0.06819211961867257], 'pk_lam': [0.11538022192661734], 'pp_lam': [0.3099617875647684], 'recovery_lam': [2.6664654750315537], 'x_lam': [0.3955817571114227], 'x_splines': [11.0], 'y_lam': [145.5995931997209], 'y_splines': [19.0]}}",,,0,2022-05-16 20:16:07.417,2022-05-16 20:16:10.893,2.023569670048708,ok,0.06819211961867257,0.11538022192661734,0.3099617875647684,2.6664654750315537,0.3955817571114227,11.0,145.5995931997209,19.0
2,1,,"{'loss': 2.0276717876019803, 'params': {'entry_lam': 49.833474816022346, 'pk_lam': 0.5684034097210137, 'pp_lam': 1.176503334544593, 'recovery_lam': 22.42537640656009, 'x_lam': 0.379313209725554, 'x_splines': 29.0, 'y_lam': 43.51397079152041, 'y_splines': 18.0}, 'status': 'ok'}","{'tid': 1, 'cmd': ('domain_attachment', 'FMinIter_Domain'), 'workdir': None, 'idxs': {'entry_lam': [1], 'pk_lam': [1], 'pp_lam': [1], 'recovery_lam': [1], 'x_lam': [1], 'x_splines': [1], 'y_lam': [1], 'y_splines': [1]}, 'vals': {'entry_lam': [49.833474816022346], 'pk_lam': [0.5684034097210137], 'pp_lam': [1.176503334544593], 'recovery_lam': [22.42537640656009], 'x_lam': [0.379313209725554], 'x_splines': [29.0], 'y_lam': [43.51397079152041], 'y_splines': [18.0]}}",,,0,2022-05-16 20:16:10.913,2022-05-16 20:16:26.432,2.0276717876019803,ok,49.833474816022346,0.5684034097210137,1.176503334544593,22.42537640656009,0.379313209725554,29.0,43.51397079152041,18.0
2,2,,"{'loss': 2.029561441829794, 'params': {'entry_lam': 0.5860531278003441, 'pk_lam': 0.04915216946847745, 'pp_lam': 0.020491073175135946, 'recovery_lam': 209.2375264750817, 'x_lam': 570.3212229438121, 'x_splines': 16.0, 'y_lam': 260.9614680853848, 'y_splines': 27.0}, 'status': 'ok'}","{'tid': 2, 'cmd': ('domain_attachment', 'FMinIter_Domain'), 'workdir': None, 'idxs': {'entry_lam': [2], 'pk_lam': [2], 'pp_lam': [2], 'recovery_lam': [2], 'x_lam': [2], 'x_splines': [2], 'y_lam': [2], 'y_splines': [2]}, 'vals': {'entry_lam': [0.5860531278003441], 'pk_lam': [0.04915216946847745], 'pp_lam': [0.020491073175135946], 'recovery_lam': [209.2375264750817], 'x_lam': [570.3212229438121], 'x_splines': [16.0], 'y_lam': [260.9614680853848], 'y_splines': [27.0]}}",,,0,2022-05-16 20:16:26.462,2022-05-16 20:16:36.421,2.029561441829794,ok,0.5860531278003441,0.04915216946847745,0.020491073175135946,209.2375264750817,570.3212229438121,16.0,260.9614680853848,27.0
2,3,,"{'loss': 2.0232026891557315, 'params': {'entry_lam': 57.24830816786879, 'pk_lam': 0.059874275350524545, 'pp_lam': 1.8549265568739555, 'recovery_lam': 0.08705143443753714, 'x_lam': 1.4677902866332802, 'x_splines': 12.0, 'y_lam': 392.2948513965649, 'y_splines': 19.0}, 'status': 'ok'}","{'tid': 3, 'cmd': ('domain_attachment', 'FMinIter_Domain'), 'workdir': None, 'idxs': {'entry_lam': [3], 'pk_lam': [3], 'pp_lam': [3], 'recovery_lam': [3], 'x_lam': [3], 'x_splines': [3], 'y_lam': [3], 'y_splines': [3]}, 'vals': {'entry_lam': [57.24830816786879], 'pk_lam': [0.059874275350524545], 'pp_lam': [1.8549265568739555], 'recovery_lam': [0.08705143443753714], 'x_lam': [1.4677902866332802], 'x_splines': [12.0], 'y_lam': [392.2948513965649], 'y_splines': [19.0]}}",,,0,2022-05-16 20:16:36.441,2022-05-16 20:16:38.841,2.0232026891557315,ok,57.24830816786879,0.059874275350524545,1.8549265568739555,0.08705143443753714,1.4677902866332802,12.0,392.2948513965649,19.0
2,4,,"{'loss': 2.0292972691157978, 'params': {'entry_lam': 230.75534348353332, 'pk_lam': 60.117742539475344, 'pp_lam': 0.030010635776981327, 'recovery_lam': 4.123458616307705, 'x_lam': 103.23427348942381, 'x_splines': 22.0, 'y_lam': 0.07233655252968396, 'y_splines': 26.0}, 'status': 'ok'}","{'tid': 4, 'cmd': ('domain_attachment', 'FMinIter_Domain'), 'workdir': None, 'idxs': {'entry_lam': [4], 'pk_lam': [4], 'pp_lam': [4], 'recovery_lam': [4], 'x_lam': [4], 'x_splines': [4], 'y_lam': [4], 'y_splines': [4]}, 'vals': {'entry_lam': [230.75534348353332], 'pk_lam': [60.117742539475344], 'pp_lam': [0.030010635776981327], 'recovery_lam': [4.123458616307705], 'x_lam': [103.23427348942381], 'x_splines': [22.0], 'y_lam': [0.07233655252968396], 'y_splines': [26.0]}}",,,0,2022-05-16 20:16:38.855,2022-05-16 20:16:49.724,2.0292972691157978,ok,230.75534348353332,60.117742539475344,0.030010635776981327,4.123458616307705,103.23427348942381,22.0,0.07233655252968396,26.0
2,5,,"{'loss': 2.026712815610143, 'params': {'entry_lam': 17.84105404219157, 'pk_lam': 1.320962115037754, 'pp_lam': 38.47297371561843, 'recovery_lam': 330.56765923301367, 'x_lam': 37.89363874801542, 'x_splines': 21.0, 'y_lam': 1.5493371417640494, 'y_splines': 26.0}, 'status': 'ok'}","{'tid': 5, 'cmd': ('domain_attachment', 'FMinIter_Domain'), 'workdir': None, 'idxs': {'entry_lam': [5], 'pk_lam': [5], 'pp_lam': [5], 'recovery_lam': [5], 'x_lam': [5], 'x_splines': [5], 'y_lam': [5], 'y_splines': [5]}, 'vals': {'entry_lam': [17.84105404219157], 'pk_lam': [1.320962115037754], 'pp_lam': [38.47297371561843], 'recovery_lam': [330.56765923301367], 'x_lam': [37.89363874801542], 'x_splines': [21.0], 'y_lam': [1.5493371417640494], 'y_splines': [26.0]}}",,,0,2022-05-16 20:16:49.746,2022-05-16 20:16:59.827,2.026712815610143,ok,17.84105404219157,1.320962115037754,38.47297371561843,330.56765923301367,37.89363874801542,21.0,1.5493371417640494,26.0
2,6,,"{'loss': 2.0243535472832948, 'params': {'entry_lam': 4.718737305325395, 'pk_lam': 1.972979490739688, 'pp_lam': 0.7292877016846101, 'recovery_lam': 100.58104819967058, 'x_lam': 0.0875238592034321, 'x_splines': 13.0, 'y_lam': 497.563699242734, 'y_splines': 25.0}, 'status': 'ok'}","{'tid': 6, 'cmd': ('domain_attachment', 'FMinIter_Domain'), 'workdir': None, 'idxs': {'entry_lam': [6], 'pk_lam': [6], 'pp_lam': [6], 'recovery_lam': [6], 'x_lam': [6], 'x_splines': [6], 'y_lam': [6], 'y_splines': [6]}, 'vals': {'entry_lam': [4.718737305325395], 'pk_lam': [1.972979490739688], 'pp_lam': [0.7292877016846101], 'recovery_lam': [100.58104819967058], 'x_lam': [0.0875238592034321], 'x_splines': [13.0], 'y_lam': [497.563699242734], 'y_splines': [25.0]}}",,,0,2022-05-16 20:16:59.835,2022-05-16 20:17:03.579,2.0243535472832948,ok,4.718737305325395,1.972979490739688,0.7292877016846101,100.58104819967058,0.0875238592034321,13.0,497.563699242734,25.0
2,7,,"{'loss': 2.025234139529963, 'params': {'entry_lam': 1.2894750094548082, 'pk_lam': 17.53426429922438, 'pp_lam': 9.399400944575302, 'recovery_lam': 9.18540641045444, 'x_lam': 235.30246492212797, 'x_splines': 17.0, 'y_lam': 75.3046673022242, 'y_splines': 22.0}, 'status': 'ok'}","{'tid': 7, 'cmd': ('domain_attachment', 'FMinIter_Domain'), 'workdir': None, 'idxs': {'entry_lam': [7], 'pk_lam': [7], 'pp_lam': [7], 'recovery_lam': [7], 'x_lam': [7], 'x_splines': [7], 'y_lam': [7], 'y_splines': [7]}, 'vals': {'entry_lam': [1.2894750094548082], 'pk_lam': [17.53426429922438], 'pp_lam': [9.399400944575302], 'recovery_lam': [9.18540641045444], 'x_lam': [235.30246492212797], 'x_splines': [17.0], 'y_lam': [75.3046673022242], 'y_splines': [22.0]}}",,,0,2022-05-16 20:17:03.595,2022-05-16 20:17:08.066,2.025234139529963,ok,1.2894750094548082,17.53426429922438,9.399400944575302,9.18540641045444,235.30246492212797,17.0,75.3046673022242,22.0
2,8,,"{'loss': 2.023808288971991, 'params': {'entry_lam': 0.013458771668373485, 'pk_lam': 7.143137555080552, 'pp_lam': 0.018016597171929508, 'recovery_lam': 0.41715736103775086, 'x_lam': 154.27025070722334, 'x_splines': 20.0, 'y_lam': 398.14946105106407, 'y_splines': 21.0}, 'status': 'ok'}","{'tid': 8, 'cmd': ('domain_attachment', 'FMinIter_Domain'), 'workdir': None, 'idxs': {'entry_lam': [8], 'pk_lam': [8], 'pp_lam': [8], 'recovery_lam': [8], 'x_lam': [8], 'x_splines': [8], 'y_lam': [8], 'y_splines': [8]}, 'vals': {'entry_lam': [0.013458771668373485], 'pk_lam': [7.143137555080552], 'pp_lam': [0.018016597171929508], 'recovery_lam': [0.41715736103775086], 'x_lam': [154.27025070722334], 'x_splines': [20.0], 'y_lam': [398.14946105106407], 'y_splines': [21.0]}}",,,0,2022-05-16 20:17:08.080,2022-05-16 20:17:13.510,2.023808288971991,ok,0.013458771668373485,7.143137555080552,0.018016597171929508,0.41715736103775086,154.27025070722334,20.0,398.14946105106407,21.0
2,9,,"{'loss': 2.028093551779861, 'params': {'entry_lam': 0.7135549747841213, 'pk_lam': 0.010007031198380563, 'pp_lam': 0.11404373607628107, 'recovery_lam': 0.8041254806279284, 'x_lam': 1.1997905526202168, 'x_splines': 27.0, 'y_lam': 31.84983766348904, 'y_splines': 29.0}, 'status': 'ok'}","{'tid': 9, 'cmd': ('domain_attachment', 'FMinIter_Domain'), 'workdir': None, 'idxs': {'entry_lam': [9], 'pk_lam': [9], 'pp_lam': [9], 'recovery_lam': [9], 'x_lam': [9], 'x_splines': [9], 'y_lam': [9], 'y_splines': [9]}, 'vals': {'entry_lam': [0.7135549747841213], 'pk_lam': [0.010007031198380563], 'pp_lam': [0.11404373607628107], 'recovery_lam': [0.8041254806279284], 'x_lam': [1.1997905526202168], 'x_splines': [27.0], 'y_lam': [31.84983766348904], 'y_splines': [29.0]}}",,,0,2022-05-16 20:17:13.519,2022-05-16 20:17:32.621,2.028093551779861,ok,0.7135549747841213,0.010007031198380563,0.11404373607628107,0.8041254806279284,1.1997905526202168,27.0,31.84983766348904,29.0
2,10,,"{'loss': 2.0267807615394813, 'params': {'entry_lam': 0.05793925867876871, 'pk_lam': 0.36660343607751106, 'pp_lam': 0.23636014306385772, 'recovery_lam': 7.82206969364567, 'x_lam': 0.1874007347536042, 'x_splines': 25.0, 'y_lam': 122.78635248432245, 'y_splines': 10.0}, 'status': 'ok'}","{'tid': 10, 'cmd': ('domain_attachment', 'FMinIter_Domain'), 'workdir': None, 'idxs': {'entry_lam': [10], 'pk_lam': [10], 'pp_lam': [10], 'recovery_lam': [10], 'x_lam': [10], 'x_splines': [10], 'y_lam': [10], 'y_splines': [10]}, 'vals': {'entry_lam': [0.05793925867876871], 'pk_lam': [0.36660343607751106], 'pp_lam': [0.23636014306385772], 'recovery_lam': [7.82206969364567], 'x_lam': [0.1874007347536042], 'x_splines': [25.0], 'y_lam': [122.78635248432245], 'y_splines': [10.0]}}",,,0,2022-05-16 20:17:32.633,2022-05-16 20:17:35.288,2.0267807615394813,ok,0.05793925867876871,0.36660343607751106,0.23636014306385772,7.82206969364567,0.1874007347536042,25.0,122.78635248432245,10.0
2,11,,"{'loss': 2.031326636853064, 'params': {'entry_lam': 0.1002253319367972, 'pk_lam': 14.831054664591045, 'pp_lam': 39.52593283129083, 'recovery_lam': 0.6546595079779155, 'x_lam': 3.6542520599455797, 'x_splines': 20.0, 'y_lam': 0.6200227326616199, 'y_splines': 28.0}, 'status': 'ok'}","{'tid': 11, 'cmd': ('domain_attachment', 'FMinIter_Domain'), 'workdir': None, 'idxs': {'entry_lam': [11], 'pk_lam': [11], 'pp_lam': [11], 'recovery_lam': [11], 'x_lam': [11], 'x_splines': [11], 'y_lam': [11], 'y_splines': [11]}, 'vals': {'entry_lam': [0.1002253319367972], 'pk_lam': [14.831054664591045], 'pp_lam': [39.52593283129083], 'recovery_lam': [0.6546595079779155], 'x_lam': [3.6542520599455797], 'x_splines': [20.0], 'y_lam': [0.6200227326616199], 'y_splines': [28.0]}}",,,0,2022-05-16 20:17:35.308,2022-05-16 20:17:45.631,2.031326636853064,ok,0.1002253319367972,14.831054664591045,39.52593283129083,0.6546595079779155,3.6542520599455797,20.0,0.6200227326616199,28.0
2,12,,"{'loss': 2.0436954889019487, 'params': {'entry_lam': 0.11988631581236418, 'pk_lam': 1.0247380779689952, 'pp_lam': 0.8518316794601335, 'recovery_lam': 2.854637866753729, 'x_lam': 0.3486826327111396, 'x_splines': 29.0, 'y_lam': 0.3437880838922173, 'y_splines': 28.0}, 'status': 'ok'}","{'tid': 12, 'cmd': ('domain_attachment', 'FMinIter_Domain'), 'workdir': None, 'idxs': {'entry_lam': [12], 'pk_lam': [12], 'pp_lam': [12], 'recovery_lam': [12], 'x_lam': [12], 'x_splines': [12], 'y_lam': [12], 'y_splines': [12]}, 'vals': {'entry_lam': [0.11988631581236418], 'pk_lam': [1.0247380779689952], 'pp_lam': [0.8518316794601335], 'recovery_lam': [2.854637866753729], 'x_lam': [0.3486826327111396], 'x_splines': [29.0], 'y_lam': [0.3437880838922173], 'y_splines': [28.0]}}",,,0,2022-05-16 20:17:45.643,2022-05-16 20:18:07.561,2.0436954889019487,ok,0.11988631581236418,1.0247380779689952,0.8518316794601335,2.854637866753729,0.3486826327111396,29.0,0.3437880838922173,28.0
2,13,,"{'loss': 2.0440247462544776, 'params': {'entry_lam': 8.459147642412159, 'pk_lam': 0.021661455227573418, 'pp_lam': 0.0741239599168394, 'recovery_lam': 97.09436200048054, 'x_lam': 0.7488355196814097, 'x_splines': 27.0, 'y_lam': 0.011638986868129494, 'y_splines': 21.0}, 'status': 'ok'}","{'tid': 13, 'cmd': ('domain_attachment', 'FMinIter_Domain'), 'workdir': None, 'idxs': {'entry_lam': [13], 'pk_lam': [13], 'pp_lam': [13], 'recovery_lam': [13], 'x_lam': [13], 'x_splines': [13], 'y_lam': [13], 'y_splines': [13]}, 'vals': {'entry_lam': [8.459147642412159], 'pk_lam': [0.021661455227573418], 'pp_lam': [0.0741239599168394], 'recovery_lam': [97.09436200048054], 'x_lam': [0.7488355196814097], 'x_splines': [27.0], 'y_lam': [0.011638986868129494], 'y_splines': [21.0]}}",,,0,2022-05-16 20:18:07.579,2022-05-16 20:18:18.297,2.0440247462544776,ok,8.459147642412159,0.021661455227573418,0.0741239599168394,97.09436200048054,0.7488355196814097,27.0,0.011638986868129494,21.0
2,14,,"{'loss': 2.023330260728631, 'params': {'entry_lam': 0.13001130543897146, 'pk_lam': 552.5144090730748, 'pp_lam': 0.030724128110859932, 'recovery_lam': 0.20355605811854258, 'x_lam': 2.9196440093193474, 'x_splines': 15.0, 'y_lam': 402.63232769541827, 'y_splines': 23.0}, 'status': 'ok'}","{'tid': 14, 'cmd': ('domain_attachment', 'FMinIter_Domain'), 'workdir': None, 'idxs': {'entry_lam': [14], 'pk_lam': [14], 'pp_lam': [14], 'recovery_lam': [14], 'x_lam': [14], 'x_splines': [14], 'y_lam': [14], 'y_splines': [14]}, 'vals': {'entry_lam': [0.13001130543897146], 'pk_lam': [552.5144090730748], 'pp_lam': [0.030724128110859932], 'recovery_lam': [0.20355605811854258], 'x_lam': [2.9196440093193474], 'x_splines': [15.0], 'y_lam': [402.63232769541827], 'y_splines': [23.0]}}",,,0,2022-05-16 20:18:18.305,2022-05-16 20:18:22.273,2.023330260728631,ok,0.13001130543897146,552.5144090730748,0.030724128110859932,0.20355605811854258,2.9196440093193474,15.0,402.63232769541827,23.0
2,15,,"{'loss': 2.0244412207383036, 'params': {'entry_lam': 0.01561229042276656, 'pk_lam': 0.4512501445805929, 'pp_lam': 0.01058902429177336, 'recovery_lam': 0.01394513186345116, 'x_lam': 46.976396218354424, 'x_splines': 17.0, 'y_lam': 15.850756992612963, 'y_splines': 22.0}, 'status': 'ok'}","{'tid': 15, 'cmd': ('domain_attachment', 'FMinIter_Domain'), 'workdir': None, 'idxs': {'entry_lam': [15], 'pk_lam': [15], 'pp_lam': [15], 'recovery_lam': [15], 'x_lam': [15], 'x_splines': [15], 'y_lam': [15], 'y_splines': [15]}, 'vals': {'entry_lam': [0.01561229042276656], 'pk_lam': [0.4512501445805929], 'pp_lam': [0.01058902429177336], 'recovery_lam': [0.01394513186345116], 'x_lam': [46.976396218354424], 'x_splines': [17.0], 'y_lam': [15.850756992612963], 'y_splines': [22.0]}}",,,0,2022-05-16 20:18:22.281,2022-05-16 20:18:26.647,2.0244412207383036,ok,0.01561229042276656,0.4512501445805929,0.01058902429177336,0.01394513186345116,46.976396218354424,17.0,15.850756992612963,22.0
2,16,,"{'loss': 2.029882178091015, 'params': {'entry_lam': 0.18391566029521472, 'pk_lam': 0.4055276454384931, 'pp_lam': 6.044650402131655, 'recovery_lam': 0.04224213943406388, 'x_lam': 319.9769920130736, 'x_splines': 16.0, 'y_lam': 0.04202457173945111, 'y_splines': 20.0}, 'status': 'ok'}","{'tid': 16, 'cmd': ('domain_attachment', 'FMinIter_Domain'), 'workdir': None, 'idxs': {'entry_lam': [16], 'pk_lam': [16], 'pp_lam': [16], 'recovery_lam': [16], 'x_lam': [16], 'x_splines': [16], 'y_lam': [16], 'y_splines': [16]}, 'vals': {'entry_lam': [0.18391566029521472], 'pk_lam': [0.4055276454384931], 'pp_lam': [6.044650402131655], 'recovery_lam': [0.04224213943406388], 'x_lam': [319.9769920130736], 'x_splines': [16.0], 'y_lam': [0.04202457173945111], 'y_splines': [20.0]}}",,,0,2022-05-16 20:18:26.660,2022-05-16 20:18:31.052,2.029882178091015,ok,0.18391566029521472,0.4055276454384931,6.044650402131655,0.04224213943406388,319.9769920130736,16.0,0.04202457173945111,20.0
2,17,,"{'loss': 2.024317572038362, 'params': {'entry_lam': 0.019926603489696198, 'pk_lam': 25.585138223819342, 'pp_lam': 507.7900004143404, 'recovery_lam': 28.546839900473827, 'x_lam': 126.56238201324064, 'x_splines': 20.0, 'y_lam': 25.42117517337578, 'y_splines': 24.0}, 'status': 'ok'}","{'tid': 17, 'cmd': ('domain_attachment', 'FMinIter_Domain'), 'workdir': None, 'idxs': {'entry_lam': [17], 'pk_lam': [17], 'pp_lam': [17], 'recovery_lam': [17], 'x_lam': [17], 'x_splines': [17], 'y_lam': [17], 'y_splines': [17]}, 'vals': {'entry_lam': [0.019926603489696198], 'pk_lam': [25.585138223819342], 'pp_lam': [507.7900004143404], 'recovery_lam': [28.546839900473827], 'x_lam': [126.56238201324064], 'x_splines': [20.0], 'y_lam': [25.42117517337578], 'y_splines': [24.0]}}",,,0,2022-05-16 20:18:31.066,2022-05-16 20:18:37.737,2.024317572038362,ok,0.019926603489696198,25.585138223819342,507.7900004143404,28.546839900473827,126.56238201324064,20.0,25.42117517337578,24.0
2,18,,"{'loss': 2.0236430763567217, 'params': {'entry_lam': 1.315353303769827, 'pk_lam': 23.83286338507244, 'pp_lam': 22.45164292953146, 'recovery_lam': 511.35576363753336, 'x_lam': 33.22129402409144, 'x_splines': 26.0, 'y_lam': 29.74734237231383, 'y_splines': 16.0}, 'status': 'ok'}","{'tid': 18, 'cmd': ('domain_attachment', 'FMinIter_Domain'), 'workdir': None, 'idxs': {'entry_lam': [18], 'pk_lam': [18], 'pp_lam': [18], 'recovery_lam': [18], 'x_lam': [18], 'x_splines': [18], 'y_lam': [18], 'y_splines': [18]}, 'vals': {'entry_lam': [1.315353303769827], 'pk_lam': [23.83286338507244], 'pp_lam': [22.45164292953146], 'recovery_lam': [511.35576363753336], 'x_lam': [33.22129402409144], 'x_splines': [26.0], 'y_lam': [29.74734237231383], 'y_splines': [16.0]}}",,,0,2022-05-16 20:18:37.751,2022-05-16 20:18:43.013,2.0236430763567217,ok,1.315353303769827,23.83286338507244,22.45164292953146,511.35576363753336,33.22129402409144,26.0,29.74734237231383,16.0
2,19,,"{'loss': 2.029156251754063, 'params': {'entry_lam': 0.9110229399850831, 'pk_lam': 1.9335413864360118, 'pp_lam': 33.57173040948538, 'recovery_lam': 650.0389629382066, 'x_lam': 0.012790467668532738, 'x_splines': 27.0, 'y_lam': 237.44306652533933, 'y_splines': 18.0}, 'status': 'ok'}","{'tid': 19, 'cmd': ('domain_attachment', 'FMinIter_Domain'), 'workdir': None, 'idxs': {'entry_lam': [19], 'pk_lam': [19], 'pp_lam': [19], 'recovery_lam': [19], 'x_lam': [19], 'x_splines': [19], 'y_lam': [19], 'y_splines': [19]}, 'vals': {'entry_lam': [0.9110229399850831], 'pk_lam': [1.9335413864360118], 'pp_lam': [33.57173040948538], 'recovery_lam': [650.0389629382066], 'x_lam': [0.012790467668532738], 'x_splines': [27.0], 'y_lam': [237.44306652533933], 'y_splines': [18.0]}}",,,0,2022-05-16 20:18:43.026,2022-05-16 20:18:49.854,2.029156251754063,ok,0.9110229399850831,1.9335413864360118,33.57173040948538,650.0389629382066,0.012790467668532738,27.0,237.44306652533933,18.0
2,20,,"{'loss': 2.023376845159525, 'params': {'entry_lam': 998.0801084467266, 'pk_lam': 980.2282355561013, 'pp_lam': 213.76774363864467, 'recovery_lam': 0.11805914547087729, 'x_lam': 7.500848080282479, 'x_splines': 10.0, 'y_lam': 895.380926839634, 'y_splines': 15.0}, 'status': 'ok'}","{'tid': 20, 'cmd': ('domain_attachment', 'FMinIter_Domain'), 'workdir': None, 'idxs': {'entry_lam': [20], 'pk_lam': [20], 'pp_lam': [20], 'recovery_lam': [20], 'x_lam': [20], 'x_splines': [20], 'y_lam': [20], 'y_splines': [20]}, 'vals': {'entry_lam': [998.0801084467266], 'pk_lam': [980.2282355561013], 'pp_lam': [213.76774363864467], 'recovery_lam': [0.11805914547087729], 'x_lam': [7.500848080282479], 'x_splines': [10.0], 'y_lam': [895.380926839634], 'y_splines': [15.0]}}",,,0,2022-05-16 20:18:49.921,2022-05-16 20:18:51.453,2.023376845159525,ok,998.0801084467266,980.2282355561013,213.76774363864467,0.11805914547087729,7.500848080282479,10.0,895.380926839634,15.0
2,21,,"{'loss': 2.026006010540846, 'params': {'entry_lam': 47.55659891697056, 'pk_lam': 996.3577072391197, 'pp_lam': 2.6549309545928845, 'recovery_lam': 0.011073837874072269, 'x_lam': 0.03595317676178196, 'x_splines': 14.0, 'y_lam': 6.654962183761336, 'y_splines': 12.0}, 'status': 'ok'}","{'tid': 21, 'cmd': ('domain_attachment', 'FMinIter_Domain'), 'workdir': None, 'idxs': {'entry_lam': [21], 'pk_lam': [21], 'pp_lam': [21], 'recovery_lam': [21], 'x_lam': [21], 'x_splines': [21], 'y_lam': [21], 'y_splines': [21]}, 'vals': {'entry_lam': [47.55659891697056], 'pk_lam': [996.3577072391197], 'pp_lam': [2.6549309545928845], 'recovery_lam': [0.011073837874072269], 'x_lam': [0.03595317676178196], 'x_splines': [14.0], 'y_lam': [6.654962183761336], 'y_splines': [12.0]}}",,,0,2022-05-16 20:18:51.492,2022-05-16 20:18:53.254,2.026006010540846,ok,47.55659891697056,996.3577072391197,2.6549309545928845,0.011073837874072269,0.03595317676178196,14.0,6.654962183761336,12.0
2,22,,"{'loss': 2.023197949975997, 'params': {'entry_lam': 521.7438835912563, 'pk_lam': 192.17237001222796, 'pp_lam': 188.65558580561589, 'recovery_lam': 0.1185285540129322, 'x_lam': 11.023815624366335, 'x_splines': 12.0, 'y_lam': 796.1743121305362, 'y_splines': 15.0}, 'status': 'ok'}","{'tid': 22, 'cmd': ('domain_attachment', 'FMinIter_Domain'), 'workdir': None, 'idxs': {'entry_lam': [22], 'pk_lam': [22], 'pp_lam': [22], 'recovery_lam': [22], 'x_lam': [22], 'x_splines': [22], 'y_lam': [22], 'y_splines': [22]}, 'vals': {'entry_lam': [521.7438835912563], 'pk_lam': [192.17237001222796], 'pp_lam': [188.65558580561589], 'recovery_lam': [0.1185285540129322], 'x_lam': [11.023815624366335], 'x_splines': [12.0], 'y_lam': [796.1743121305362], 'y_splines': [15.0]}}",,,0,2022-05-16 20:18:53.294,2022-05-16 20:18:55.110,2.023197949975997,ok,521.7438835912563,192.17237001222796,188.65558580561589,0.1185285540129322,11.023815624366335,12.0,796.1743121305362,15.0
2,23,,"{'loss': 2.023433887617818, 'params': {'entry_lam': 591.2593042015565, 'pk_lam': 144.31008118544665, 'pp_lam': 150.5784868353561, 'recovery_lam': 0.05010628039664448, 'x_lam': 11.961897565827991, 'x_splines': 12.0, 'y_lam': 6.6555350064317045, 'y_splines': 14.0}, 'status': 'ok'}","{'tid': 23, 'cmd': ('domain_attachment', 'FMinIter_Domain'), 'workdir': None, 'idxs': {'entry_lam': [23], 'pk_lam': [23], 'pp_lam': [23], 'recovery_lam': [23], 'x_lam': [23], 'x_splines': [23], 'y_lam': [23], 'y_splines': [23]}, 'vals': {'entry_lam': [591.2593042015565], 'pk_lam': [144.31008118544665], 'pp_lam': [150.5784868353561], 'recovery_lam': [0.05010628039664448], 'x_lam': [11.961897565827991], 'x_splines': [12.0], 'y_lam': [6.6555350064317045], 'y_splines': [14.0]}}",,,0,2022-05-16 20:18:55.158,2022-05-16 20:18:57.021,2.023433887617818,ok,591.2593042015565,144.31008118544665,150.5784868353561,0.05010628039664448,11.961897565827991,12.0,6.6555350064317045,14.0
2,24,,"{'loss': 2.0236443941505335, 'params': {'entry_lam': 246.14388876096518, 'pk_lam': 284.8466509487564, 'pp_lam': 949.2378722085878, 'recovery_lam': 0.03414098006221275, 'x_lam': 14.214739235978431, 'x_splines': 10.0, 'y_lam': 940.4952406244353, 'y_splines': 13.0}, 'status': 'ok'}","{'tid': 24, 'cmd': ('domain_attachment', 'FMinIter_Domain'), 'workdir': None, 'idxs': {'entry_lam': [24], 'pk_lam': [24], 'pp_lam': [24], 'recovery_lam': [24], 'x_lam': [24], 'x_splines': [24], 'y_lam': [24], 'y_splines': [24]}, 'vals': {'entry_lam': [246.14388876096518], 'pk_lam': [284.8466509487564], 'pp_lam': [949.2378722085878], 'recovery_lam': [0.03414098006221275], 'x_lam': [14.214739235978431], 'x_splines': [10.0], 'y_lam': [940.4952406244353], 'y_splines': [13.0]}}",,,0,2022-05-16 20:18:57.084,2022-05-16 20:18:58.458,2.0236443941505335,ok,246.14388876096518,284.8466509487564,949.2378722085878,0.03414098006221275,14.214739235978431,10.0,940.4952406244353,13.0
2,25,,"{'loss': 2.0238571916726857, 'params': {'entry_lam': 96.22208593526643, 'pk_lam': 0.11411087368464404, 'pp_lam': 2.3846887857263197, 'recovery_lam': 0.12913019282811866, 'x_lam': 1.628357995133114, 'x_splines': 12.0, 'y_lam': 813.1217051894231, 'y_splines': 11.0}, 'status': 'ok'}","{'tid': 25, 'cmd': ('domain_attachment', 'FMinIter_Domain'), 'workdir': None, 'idxs': {'entry_lam': [25], 'pk_lam': [25], 'pp_lam': [25], 'recovery_lam': [25], 'x_lam': [25], 'x_splines': [25], 'y_lam': [25], 'y_splines': [25]}, 'vals': {'entry_lam': [96.22208593526643], 'pk_lam': [0.11411087368464404], 'pp_lam': [2.3846887857263197], 'recovery_lam': [0.12913019282811866], 'x_lam': [1.628357995133114], 'x_splines': [12.0], 'y_lam': [813.1217051894231], 'y_splines': [11.0]}}",,,0,2022-05-16 20:18:58.521,2022-05-16 20:19:00.004,2.0238571916726857,ok,96.22208593526643,0.11411087368464404,2.3846887857263197,0.12913019282811866,1.628357995133114,12.0,813.1217051894231,11.0
2,26,,"{'loss': 2.0235520038490717, 'params': {'entry_lam': 373.29794001768016, 'pk_lam': 3.9495193392129706, 'pp_lam': 198.66396283140514, 'recovery_lam': 0.01762733558373051, 'x_lam': 3.745041675208921, 'x_splines': 18.0, 'y_lam': 87.94967503481912, 'y_splines': 16.0}, 'status': 'ok'}","{'tid': 26, 'cmd': ('domain_attachment', 'FMinIter_Domain'), 'workdir': None, 'idxs': {'entry_lam': [26], 'pk_lam': [26], 'pp_lam': [26], 'recovery_lam': [26], 'x_lam': [26], 'x_splines': [26], 'y_lam': [26], 'y_splines': [26]}, 'vals': {'entry_lam': [373.29794001768016], 'pk_lam': [3.9495193392129706], 'pp_lam': [198.66396283140514], 'recovery_lam': [0.01762733558373051], 'x_lam': [3.745041675208921], 'x_splines': [18.0], 'y_lam': [87.94967503481912], 'y_splines': [16.0]}}",,,0,2022-05-16 20:19:00.079,2022-05-16 20:19:03.220,2.0235520038490717,ok,373.29794001768016,3.9495193392129706,198.66396283140514,0.01762733558373051,3.745041675208921,18.0,87.94967503481912,16.0
2,27,,"{'loss': 2.024882036775146, 'params': {'entry_lam': 118.10236211846036, 'pk_lam': 132.32964353057375, 'pp_lam': 11.59735941855853, 'recovery_lam': 0.08204656647940166, 'x_lam': 7.824626686729147, 'x_splines': 23.0, 'y_lam': 8.836094761844214, 'y_splines': 17.0}, 'status': 'ok'}","{'tid': 27, 'cmd': ('domain_attachment', 'FMinIter_Domain'), 'workdir': None, 'idxs': {'entry_lam': [27], 'pk_lam': [27], 'pp_lam': [27], 'recovery_lam': [27], 'x_lam': [27], 'x_splines': [27], 'y_lam': [27], 'y_splines': [27]}, 'vals': {'entry_lam': [118.10236211846036], 'pk_lam': [132.32964353057375], 'pp_lam': [11.59735941855853], 'recovery_lam': [0.08204656647940166], 'x_lam': [7.824626686729147], 'x_splines': [23.0], 'y_lam': [8.836094761844214], 'y_splines': [17.0]}}",,,0,2022-05-16 20:19:03.270,2022-05-16 20:19:08.171,2.024882036775146,ok,118.10236211846036,132.32964353057375,11.59735941855853,0.08204656647940166,7.824626686729147,23.0,8.836094761844214,17.0
2,28,,"{'loss': 2.027713482866249, 'params': {'entry_lam': 22.554570410774133, 'pk_lam': 0.10794118686871065, 'pp_lam': 103.7919971595913, 'recovery_lam': 1.0202584754503286, 'x_lam': 0.13151698336030362, 'x_splines': 11.0, 'y_lam': 1.459602757290239, 'y_splines': 19.0}, 'status': 'ok'}","{'tid': 28, 'cmd': ('domain_attachment', 'FMinIter_Domain'), 'workdir': None, 'idxs': {'entry_lam': [28], 'pk_lam': [28], 'pp_lam': [28], 'recovery_lam': [28], 'x_lam': [28], 'x_splines': [28], 'y_lam': [28], 'y_splines': [28]}, 'vals': {'entry_lam': [22.554570410774133], 'pk_lam': [0.10794118686871065], 'pp_lam': [103.7919971595913], 'recovery_lam': [1.0202584754503286], 'x_lam': [0.13151698336030362], 'x_splines': [11.0], 'y_lam': [1.459602757290239], 'y_splines': [19.0]}}",,,0,2022-05-16 20:19:08.213,2022-05-16 20:19:10.759,2.027713482866249,ok,22.554570410774133,0.10794118686871065,103.7919971595913,1.0202584754503286,0.13151698336030362,11.0,1.459602757290239,19.0
2,29,,"{'loss': 2.023718048923285, 'params': {'entry_lam': 689.2828544481366, 'pk_lam': 0.011739638966310077, 'pp_lam': 0.32945529873075785, 'recovery_lam': 0.25691023642670896, 'x_lam': 0.7678903281509765, 'x_splines': 14.0, 'y_lam': 138.23429018395967, 'y_splines': 14.0}, 'status': 'ok'}","{'tid': 29, 'cmd': ('domain_attachment', 'FMinIter_Domain'), 'workdir': None, 'idxs': {'entry_lam': [29], 'pk_lam': [29], 'pp_lam': [29], 'recovery_lam': [29], 'x_lam': [29], 'x_splines': [29], 'y_lam': [29], 'y_splines': [29]}, 'vals': {'entry_lam': [689.2828544481366], 'pk_lam': [0.011739638966310077], 'pp_lam': [0.32945529873075785], 'recovery_lam': [0.25691023642670896], 'x_lam': [0.7678903281509765], 'x_splines': [14.0], 'y_lam': [138.23429018395967], 'y_splines': [14.0]}}",,,0,2022-05-16 20:19:10.801,2022-05-16 20:19:12.894,2.023718048923285,ok,689.2828544481366,0.011739638966310077,0.32945529873075785,0.25691023642670896,0.7678903281509765,14.0,138.23429018395967,14.0
2,30,,"{'loss': 2.0233442106532444, 'params': {'entry_lam': 80.435736033855, 'pk_lam': 5.566926958059475, 'pp_lam': 4.930861237188314, 'recovery_lam': 1.594801219766358, 'x_lam': 19.15065851368163, 'x_splines': 18.0, 'y_lam': 66.44097755049522, 'y_splines': 19.0}, 'status': 'ok'}","{'tid': 30, 'cmd': ('domain_attachment', 'FMinIter_Domain'), 'workdir': None, 'idxs': {'entry_lam': [30], 'pk_lam': [30], 'pp_lam': [30], 'recovery_lam': [30], 'x_lam': [30], 'x_splines': [30], 'y_lam': [30], 'y_splines': [30]}, 'vals': {'entry_lam': [80.435736033855], 'pk_lam': [5.566926958059475], 'pp_lam': [4.930861237188314], 'recovery_lam': [1.594801219766358], 'x_lam': [19.15065851368163], 'x_splines': [18.0], 'y_lam': [66.44097755049522], 'y_splines': [19.0]}}",,,0,2022-05-16 20:19:12.969,2022-05-16 20:19:16.871,2.0233442106532444,ok,80.435736033855,5.566926958059475,4.930861237188314,1.594801219766358,19.15065851368163,18.0,66.44097755049522,19.0
2,31,,"{'loss': 2.0237849761395004, 'params': {'entry_lam': 13.016119715905951, 'pk_lam': 0.04552737387998827, 'pp_lam': 830.7184712232531, 'recovery_lam': 0.02106385148556813, 'x_lam': 0.053366314210494745, 'x_splines': 11.0, 'y_lam': 192.56340783437125, 'y_splines': 17.0}, 'status': 'ok'}","{'tid': 31, 'cmd': ('domain_attachment', 'FMinIter_Domain'), 'workdir': None, 'idxs': {'entry_lam': [31], 'pk_lam': [31], 'pp_lam': [31], 'recovery_lam': [31], 'x_lam': [31], 'x_splines': [31], 'y_lam': [31], 'y_splines': [31]}, 'vals': {'entry_lam': [13.016119715905951], 'pk_lam': [0.04552737387998827], 'pp_lam': [830.7184712232531], 'recovery_lam': [0.02106385148556813], 'x_lam': [0.053366314210494745], 'x_splines': [11.0], 'y_lam': [192.56340783437125], 'y_splines': [17.0]}}",,,0,2022-05-16 20:19:16.913,2022-05-16 20:19:18.863,2.0237849761395004,ok,13.016119715905951,0.04552737387998827,830.7184712232531,0.02106385148556813,0.053366314210494745,11.0,192.56340783437125,17.0
2,32,,"{'loss': 2.024950843144804, 'params': {'entry_lam': 34.79288001048535, 'pk_lam': 67.12590181002754, 'pp_lam': 0.4643932144367106, 'recovery_lam': 0.3184107369297673, 'x_lam': 0.3383395416892448, 'x_splines': 13.0, 'y_lam': 3.5269594052432356, 'y_splines': 12.0}, 'status': 'ok'}","{'tid': 32, 'cmd': ('domain_attachment', 'FMinIter_Domain'), 'workdir': None, 'idxs': {'entry_lam': [32], 'pk_lam': [32], 'pp_lam': [32], 'recovery_lam': [32], 'x_lam': [32], 'x_splines': [32], 'y_lam': [32], 'y_splines': [32]}, 'vals': {'entry_lam': [34.79288001048535], 'pk_lam': [67.12590181002754], 'pp_lam': [0.4643932144367106], 'recovery_lam': [0.3184107369297673], 'x_lam': [0.3383395416892448], 'x_splines': [13.0], 'y_lam': [3.5269594052432356], 'y_splines': [12.0]}}",,,0,2022-05-16 20:19:18.906,2022-05-16 20:19:20.560,2.024950843144804,ok,34.79288001048535,67.12590181002754,0.4643932144367106,0.3184107369297673,0.3383395416892448,13.0,3.5269594052432356,12.0
2,33,,"{'loss': 2.0321169879321195, 'params': {'entry_lam': 182.78337795320851, 'pk_lam': 0.2408431111399875, 'pp_lam': 1.5756311028630843, 'recovery_lam': 0.08407073050109949, 'x_lam': 850.9050552038153, 'x_splines': 15.0, 'y_lam': 0.13497530195725593, 'y_splines': 18.0}, 'status': 'ok'}","{'tid': 33, 'cmd': ('domain_attachment', 'FMinIter_Domain'), 'workdir': None, 'idxs': {'entry_lam': [33], 'pk_lam': [33], 'pp_lam': [33], 'recovery_lam': [33], 'x_lam': [33], 'x_splines': [33], 'y_lam': [33], 'y_splines': [33]}, 'vals': {'entry_lam': [182.78337795320851], 'pk_lam': [0.2408431111399875], 'pp_lam': [1.5756311028630843], 'recovery_lam': [0.08407073050109949], 'x_lam': [850.9050552038153], 'x_splines': [15.0], 'y_lam': [0.13497530195725593], 'y_splines': [18.0]}}",,,0,2022-05-16 20:19:20.605,2022-05-16 20:19:24.311,2.0321169879321195,ok,182.78337795320851,0.2408431111399875,1.5756311028630843,0.08407073050109949,850.9050552038153,15.0,0.13497530195725593,18.0
2,34,,"{'loss': 2.024263621470902, 'params': {'entry_lam': 5.33674588866701, 'pk_lam': 50.17886140616965, 'pp_lam': 382.73857101528256, 'recovery_lam': 2.1037511338765356, 'x_lam': 63.770252211497834, 'x_splines': 12.0, 'y_lam': 588.2082390775713, 'y_splines': 10.0}, 'status': 'ok'}","{'tid': 34, 'cmd': ('domain_attachment', 'FMinIter_Domain'), 'workdir': None, 'idxs': {'entry_lam': [34], 'pk_lam': [34], 'pp_lam': [34], 'recovery_lam': [34], 'x_lam': [34], 'x_splines': [34], 'y_lam': [34], 'y_splines': [34]}, 'vals': {'entry_lam': [5.33674588866701], 'pk_lam': [50.17886140616965], 'pp_lam': [382.73857101528256], 'recovery_lam': [2.1037511338765356], 'x_lam': [63.770252211497834], 'x_splines': [12.0], 'y_lam': [588.2082390775713], 'y_splines': [10.0]}}",,,0,2022-05-16 20:19:24.355,2022-05-16 20:19:25.702,2.024263621470902,ok,5.33674588866701,50.17886140616965,382.73857101528256,2.1037511338765356,63.770252211497834,12.0,588.2082390775713,10.0
2,35,,"{'loss': 2.0296717868451033, 'params': {'entry_lam': 2.7660792101557696, 'pk_lam': 0.04110977338888435, 'pp_lam': 61.60372058088925, 'recovery_lam': 26.0521933627102, 'x_lam': 0.019224926156626323, 'x_splines': 23.0, 'y_lam': 13.987598994149545, 'y_splines': 15.0}, 'status': 'ok'}","{'tid': 35, 'cmd': ('domain_attachment', 'FMinIter_Domain'), 'workdir': None, 'idxs': {'entry_lam': [35], 'pk_lam': [35], 'pp_lam': [35], 'recovery_lam': [35], 'x_lam': [35], 'x_splines': [35], 'y_lam': [35], 'y_splines': [35]}, 'vals': {'entry_lam': [2.7660792101557696], 'pk_lam': [0.04110977338888435], 'pp_lam': [61.60372058088925], 'recovery_lam': [26.0521933627102], 'x_lam': [0.019224926156626323], 'x_splines': [23.0], 'y_lam': [13.987598994149545], 'y_splines': [15.0]}}",,,0,2022-05-16 20:19:25.772,2022-05-16 20:19:29.948,2.0296717868451033,ok,2.7660792101557696,0.04110977338888435,61.60372058088925,26.0521933627102,0.019224926156626323,23.0,13.987598994149545,15.0
2,36,,"{'loss': 2.0234346162813592, 'params': {'entry_lam': 940.8542872059721, 'pk_lam': 0.9179598600971915, 'pp_lam': 16.033598703626648, 'recovery_lam': 6.781176033677248, 'x_lam': 2.245051668383969, 'x_splines': 10.0, 'y_lam': 57.43567252680116, 'y_splines': 20.0}, 'status': 'ok'}","{'tid': 36, 'cmd': ('domain_attachment', 'FMinIter_Domain'), 'workdir': None, 'idxs': {'entry_lam': [36], 'pk_lam': [36], 'pp_lam': [36], 'recovery_lam': [36], 'x_lam': [36], 'x_splines': [36], 'y_lam': [36], 'y_splines': [36]}, 'vals': {'entry_lam': [940.8542872059721], 'pk_lam': [0.9179598600971915], 'pp_lam': [16.033598703626648], 'recovery_lam': [6.781176033677248], 'x_lam': [2.245051668383969], 'x_splines': [10.0], 'y_lam': [57.43567252680116], 'y_splines': [20.0]}}",,,0,2022-05-16 20:19:29.992,2022-05-16 20:19:32.188,2.0234346162813592,ok,940.8542872059721,0.9179598600971915,16.033598703626648,6.781176033677248,2.245051668383969,10.0,57.43567252680116,20.0
2,37,,"{'loss': 2.0260233210400855, 'params': {'entry_lam': 388.39477604468743, 'pk_lam': 0.18524501661573176, 'pp_lam': 0.15856288407622307, 'recovery_lam': 0.4462499761898112, 'x_lam': 24.19364971386925, 'x_splines': 18.0, 'y_lam': 2.7237066884618875, 'y_splines': 25.0}, 'status': 'ok'}","{'tid': 37, 'cmd': ('domain_attachment', 'FMinIter_Domain'), 'workdir': None, 'idxs': {'entry_lam': [37], 'pk_lam': [37], 'pp_lam': [37], 'recovery_lam': [37], 'x_lam': [37], 'x_splines': [37], 'y_lam': [37], 'y_splines': [37]}, 'vals': {'entry_lam': [388.39477604468743], 'pk_lam': [0.18524501661573176], 'pp_lam': [0.15856288407622307], 'recovery_lam': [0.4462499761898112], 'x_lam': [24.19364971386925], 'x_splines': [18.0], 'y_lam': [2.7237066884618875], 'y_splines': [25.0]}}",,,0,2022-05-16 20:19:32.229,2022-05-16 20:19:39.766,2.0260233210400855,ok,388.39477604468743,0.18524501661573176,0.15856288407622307,0.4462499761898112,24.19364971386925,18.0,2.7237066884618875,25.0
2,38,,"{'loss': 2.0230958956681073, 'params': {'entry_lam': 25.027192426122976, 'pk_lam': 11.232630829858877, 'pp_lam': 5.456338103275566, 'recovery_lam': 1.133749420559722, 'x_lam': 5.6737148042159955, 'x_splines': 13.0, 'y_lam': 349.035793581361, 'y_splines': 17.0}, 'status': 'ok'}","{'tid': 38, 'cmd': ('domain_attachment', 'FMinIter_Domain'), 'workdir': None, 'idxs': {'entry_lam': [38], 'pk_lam': [38], 'pp_lam': [38], 'recovery_lam': [38], 'x_lam': [38], 'x_splines': [38], 'y_lam': [38], 'y_splines': [38]}, 'vals': {'entry_lam': [25.027192426122976], 'pk_lam': [11.232630829858877], 'pp_lam': [5.456338103275566], 'recovery_lam': [1.133749420559722], 'x_lam': [5.6737148042159955], 'x_splines': [13.0], 'y_lam': [349.035793581361], 'y_splines': [17.0]}}",,,0,2022-05-16 20:19:39.842,2022-05-16 20:19:42.179,2.0230958956681073,ok,25.027192426122976,11.232630829858877,5.456338103275566,1.133749420559722,5.6737148042159955,13.0,349.035793581361,17.0
2,39,,"{'loss': 2.0268955558894306, 'params': {'entry_lam': 11.28310991211622, 'pk_lam': 9.9270680643405, 'pp_lam': 75.08085999217796, 'recovery_lam': 13.11131148615134, 'x_lam': 6.570992375280077, 'x_splines': 14.0, 'y_lam': 0.014021268062472548, 'y_splines': 13.0}, 'status': 'ok'}","{'tid': 39, 'cmd': ('domain_attachment', 'FMinIter_Domain'), 'workdir': None, 'idxs': {'entry_lam': [39], 'pk_lam': [39], 'pp_lam': [39], 'recovery_lam': [39], 'x_lam': [39], 'x_splines': [39], 'y_lam': [39], 'y_splines': [39]}, 'vals': {'entry_lam': [11.28310991211622], 'pk_lam': [9.9270680643405], 'pp_lam': [75.08085999217796], 'recovery_lam': [13.11131148615134], 'x_lam': [6.570992375280077], 'x_splines': [14.0], 'y_lam': [0.014021268062472548], 'y_splines': [13.0]}}",,,0,2022-05-16 20:19:42.254,2022-05-16 20:19:44.431,2.0268955558894306,ok,11.28310991211622,9.9270680643405,75.08085999217796,13.11131148615134,6.570992375280077,14.0,0.014021268062472548,13.0
2,40,,"{'loss': 2.0235015524704196, 'params': {'entry_lam': 26.346543122434184, 'pk_lam': 333.5883792582986, 'pp_lam': 4.414386448611437, 'recovery_lam': 4.551960614650755, 'x_lam': 81.64491446366786, 'x_splines': 16.0, 'y_lam': 257.6217454559827, 'y_splines': 17.0}, 'status': 'ok'}","{'tid': 40, 'cmd': ('domain_attachment', 'FMinIter_Domain'), 'workdir': None, 'idxs': {'entry_lam': [40], 'pk_lam': [40], 'pp_lam': [40], 'recovery_lam': [40], 'x_lam': [40], 'x_splines': [40], 'y_lam': [40], 'y_splines': [40]}, 'vals': {'entry_lam': [26.346543122434184], 'pk_lam': [333.5883792582986], 'pp_lam': [4.414386448611437], 'recovery_lam': [4.551960614650755], 'x_lam': [81.64491446366786], 'x_splines': [16.0], 'y_lam': [257.6217454559827], 'y_splines': [17.0]}}",,,0,2022-05-16 20:19:44.507,2022-05-16 20:19:47.358,2.0235015524704196,ok,26.346543122434184,333.5883792582986,4.414386448611437,4.551960614650755,81.64491446366786,16.0,257.6217454559827,17.0
2,41,,"{'loss': 2.023876998445984, 'params': {'entry_lam': 0.3002247482537595, 'pk_lam': 40.65675076684029, 'pp_lam': 418.5748207198508, 'recovery_lam': 57.87694339991448, 'x_lam': 246.401027051411, 'x_splines': 19.0, 'y_lam': 107.26450381623687, 'y_splines': 15.0}, 'status': 'ok'}","{'tid': 41, 'cmd': ('domain_attachment', 'FMinIter_Domain'), 'workdir': None, 'idxs': {'entry_lam': [41], 'pk_lam': [41], 'pp_lam': [41], 'recovery_lam': [41], 'x_lam': [41], 'x_splines': [41], 'y_lam': [41], 'y_splines': [41]}, 'vals': {'entry_lam': [0.3002247482537595], 'pk_lam': [40.65675076684029], 'pp_lam': [418.5748207198508], 'recovery_lam': [57.87694339991448], 'x_lam': [246.401027051411], 'x_splines': [19.0], 'y_lam': [107.26450381623687], 'y_splines': [15.0]}}",,,0,2022-05-16 20:19:47.402,2022-05-16 20:19:50.476,2.023876998445984,ok,0.3002247482537595,40.65675076684029,418.5748207198508,57.87694339991448,246.401027051411,19.0,107.26450381623687,15.0
2,42,,"{'loss': 2.02507000222363, 'params': {'entry_lam': 157.78113708834033, 'pk_lam': 118.20320443394358, 'pp_lam': 1.0391957563921974, 'recovery_lam': 1.357490315689927, 'x_lam': 0.7108963140560032, 'x_splines': 13.0, 'y_lam': 1.0085803462206426, 'y_splines': 11.0}, 'status': 'ok'}","{'tid': 42, 'cmd': ('domain_attachment', 'FMinIter_Domain'), 'workdir': None, 'idxs': {'entry_lam': [42], 'pk_lam': [42], 'pp_lam': [42], 'recovery_lam': [42], 'x_lam': [42], 'x_splines': [42], 'y_lam': [42], 'y_splines': [42]}, 'vals': {'entry_lam': [157.78113708834033], 'pk_lam': [118.20320443394358], 'pp_lam': [1.0391957563921974], 'recovery_lam': [1.357490315689927], 'x_lam': [0.7108963140560032], 'x_splines': [13.0], 'y_lam': [1.0085803462206426], 'y_splines': [11.0]}}",,,0,2022-05-16 20:19:50.519,2022-05-16 20:19:51.957,2.02507000222363,ok,157.78113708834033,118.20320443394358,1.0391957563921974,1.357490315689927,0.7108963140560032,13.0,1.0085803462206426,11.0
2,43,,"{'loss': 2.027777134109055, 'params': {'entry_lam': 2.2523201321392072, 'pk_lam': 11.932249960834193, 'pp_lam': 20.387925941323182, 'recovery_lam': 0.6491005299893051, 'x_lam': 608.5221274859169, 'x_splines': 22.0, 'y_lam': 0.21758832268091208, 'y_splines': 21.0}, 'status': 'ok'}","{'tid': 43, 'cmd': ('domain_attachment', 'FMinIter_Domain'), 'workdir': None, 'idxs': {'entry_lam': [43], 'pk_lam': [43], 'pp_lam': [43], 'recovery_lam': [43], 'x_lam': [43], 'x_splines': [43], 'y_lam': [43], 'y_splines': [43]}, 'vals': {'entry_lam': [2.2523201321392072], 'pk_lam': [11.932249960834193], 'pp_lam': [20.387925941323182], 'recovery_lam': [0.6491005299893051], 'x_lam': [608.5221274859169], 'x_splines': [22.0], 'y_lam': [0.21758832268091208], 'y_splines': [21.0]}}",,,0,2022-05-16 20:19:52.000,2022-05-16 20:19:59.876,2.027777134109055,ok,2.2523201321392072,11.932249960834193,20.387925941323182,0.6491005299893051,608.5221274859169,22.0,0.21758832268091208,21.0
2,44,,"{'loss': 2.023247786684068, 'params': {'entry_lam': 56.32378473411123, 'pk_lam': 251.9587546197594, 'pp_lam': 6.813716392798118, 'recovery_lam': 13.455233859310532, 'x_lam': 3.9700006451071324, 'x_splines': 15.0, 'y_lam': 41.84902268386059, 'y_splines': 14.0}, 'status': 'ok'}","{'tid': 44, 'cmd': ('domain_attachment', 'FMinIter_Domain'), 'workdir': None, 'idxs': {'entry_lam': [44], 'pk_lam': [44], 'pp_lam': [44], 'recovery_lam': [44], 'x_lam': [44], 'x_splines': [44], 'y_lam': [44], 'y_splines': [44]}, 'vals': {'entry_lam': [56.32378473411123], 'pk_lam': [251.9587546197594], 'pp_lam': [6.813716392798118], 'recovery_lam': [13.455233859310532], 'x_lam': [3.9700006451071324], 'x_splines': [15.0], 'y_lam': [41.84902268386059], 'y_splines': [14.0]}}",,,0,2022-05-16 20:19:59.948,2022-05-16 20:20:02.141,2.023247786684068,ok,56.32378473411123,251.9587546197594,6.813716392798118,13.455233859310532,3.9700006451071324,15.0,41.84902268386059,14.0
2,45,,"{'loss': 2.023386564438786, 'params': {'entry_lam': 8.078163996988334, 'pk_lam': 2.86711737452646, 'pp_lam': 0.06913268983382911, 'recovery_lam': 0.17703285771214394, 'x_lam': 0.24612682249874104, 'x_splines': 11.0, 'y_lam': 538.3104650113133, 'y_splines': 22.0}, 'status': 'ok'}","{'tid': 45, 'cmd': ('domain_attachment', 'FMinIter_Domain'), 'workdir': None, 'idxs': {'entry_lam': [45], 'pk_lam': [45], 'pp_lam': [45], 'recovery_lam': [45], 'x_lam': [45], 'x_splines': [45], 'y_lam': [45], 'y_splines': [45]}, 'vals': {'entry_lam': [8.078163996988334], 'pk_lam': [2.86711737452646], 'pp_lam': [0.06913268983382911], 'recovery_lam': [0.17703285771214394], 'x_lam': [0.24612682249874104], 'x_splines': [11.0], 'y_lam': [538.3104650113133], 'y_splines': [22.0]}}",,,0,2022-05-16 20:20:02.225,2022-05-16 20:20:04.701,2.023386564438786,ok,8.078163996988334,2.86711737452646,0.06913268983382911,0.17703285771214394,0.24612682249874104,11.0,538.3104650113133,22.0
2,46,,"{'loss': 2.0238541815735123, 'params': {'entry_lam': 462.4421031602969, 'pk_lam': 70.81416749873522, 'pp_lam': 58.21705985160527, 'recovery_lam': 3.478953436912325, 'x_lam': 1.0393798139718562, 'x_splines': 17.0, 'y_lam': 344.8302392491744, 'y_splines': 16.0}, 'status': 'ok'}","{'tid': 46, 'cmd': ('domain_attachment', 'FMinIter_Domain'), 'workdir': None, 'idxs': {'entry_lam': [46], 'pk_lam': [46], 'pp_lam': [46], 'recovery_lam': [46], 'x_lam': [46], 'x_splines': [46], 'y_lam': [46], 'y_splines': [46]}, 'vals': {'entry_lam': [462.4421031602969], 'pk_lam': [70.81416749873522], 'pp_lam': [58.21705985160527], 'recovery_lam': [3.478953436912325], 'x_lam': [1.0393798139718562], 'x_splines': [17.0], 'y_lam': [344.8302392491744], 'y_splines': [16.0]}}",,,0,2022-05-16 20:20:04.778,2022-05-16 20:20:07.655,2.0238541815735123,ok,462.4421031602969,70.81416749873522,58.21705985160527,3.478953436912325,1.0393798139718562,17.0,344.8302392491744,16.0
2,47,,"{'loss': 2.0284124595095085, 'params': {'entry_lam': 0.31356268935304815, 'pk_lam': 27.081927385961457, 'pp_lam': 0.5366165442180649, 'recovery_lam': 0.4198559500204656, 'x_lam': 32.97566482351585, 'x_splines': 19.0, 'y_lam': 0.021079018254060097, 'y_splines': 18.0}, 'status': 'ok'}","{'tid': 47, 'cmd': ('domain_attachment', 'FMinIter_Domain'), 'workdir': None, 'idxs': {'entry_lam': [47], 'pk_lam': [47], 'pp_lam': [47], 'recovery_lam': [47], 'x_lam': [47], 'x_splines': [47], 'y_lam': [47], 'y_splines': [47]}, 'vals': {'entry_lam': [0.31356268935304815], 'pk_lam': [27.081927385961457], 'pp_lam': [0.5366165442180649], 'recovery_lam': [0.4198559500204656], 'x_lam': [32.97566482351585], 'x_splines': [19.0], 'y_lam': [0.021079018254060097], 'y_splines': [18.0]}}",,,0,2022-05-16 20:20:07.699,2022-05-16 20:20:12.614,2.0284124595095085,ok,0.31356268935304815,27.081927385961457,0.5366165442180649,0.4198559500204656,32.97566482351585,19.0,0.021079018254060097,18.0
2,48,,"{'loss': 2.0240503366177016, 'params': {'entry_lam': 4.426097570072795, 'pk_lam': 530.3224298568425, 'pp_lam': 10.520817388280449, 'recovery_lam': 174.48323596343604, 'x_lam': 384.8742549125701, 'x_splines': 29.0, 'y_lam': 19.22108858938927, 'y_splines': 23.0}, 'status': 'ok'}","{'tid': 48, 'cmd': ('domain_attachment', 'FMinIter_Domain'), 'workdir': None, 'idxs': {'entry_lam': [48], 'pk_lam': [48], 'pp_lam': [48], 'recovery_lam': [48], 'x_lam': [48], 'x_splines': [48], 'y_lam': [48], 'y_splines': [48]}, 'vals': {'entry_lam': [4.426097570072795], 'pk_lam': [530.3224298568425], 'pp_lam': [10.520817388280449], 'recovery_lam': [174.48323596343604], 'x_lam': [384.8742549125701], 'x_splines': [29.0], 'y_lam': [19.22108858938927], 'y_splines': [23.0]}}",,,0,2022-05-16 20:20:12.672,2022-05-16 20:20:24.641,2.0240503366177016,ok,4.426097570072795,530.3224298568425,10.520817388280449,174.48323596343604,384.8742549125701,29.0,19.22108858938927,23.0
2,49,,"{'loss': 2.024339857203039, 'params': {'entry_lam': 275.14569888770933, 'pk_lam': 0.6605926624332672, 'pp_lam': 259.7816757297775, 'recovery_lam': 0.6734615849553585, 'x_lam': 162.68055077167207, 'x_splines': 21.0, 'y_lam': 0.5082347536366034, 'y_splines': 13.0}, 'status': 'ok'}","{'tid': 49, 'cmd': ('domain_attachment', 'FMinIter_Domain'), 'workdir': None, 'idxs': {'entry_lam': [49], 'pk_lam': [49], 'pp_lam': [49], 'recovery_lam': [49], 'x_lam': [49], 'x_splines': [49], 'y_lam': [49], 'y_splines': [49]}, 'vals': {'entry_lam': [275.14569888770933], 'pk_lam': [0.6605926624332672], 'pp_lam': [259.7816757297775], 'recovery_lam': [0.6734615849553585], 'x_lam': [162.68055077167207], 'x_splines': [21.0], 'y_lam': [0.5082347536366034], 'y_splines': [13.0]}}",,,0,2022-05-16 20:20:24.709,2022-05-16 20:20:28.258,2.024339857203039,ok,275.14569888770933,0.6605926624332672,259.7816757297775,0.6734615849553585,162.68055077167207,21.0,0.5082347536366034,13.0
2,50,,"{'loss': 2.0234511232845027, 'params': {'entry_lam': 39.3491253235084, 'pk_lam': 7.181571919262701, 'pp_lam': 31.347481074386838, 'recovery_lam': 2.402971757556854, 'x_lam': 6.000138104900923, 'x_splines': 13.0, 'y_lam': 42.52431193318896, 'y_splines': 19.0}, 'status': 'ok'}","{'tid': 50, 'cmd': ('domain_attachment', 'FMinIter_Domain'), 'workdir': None, 'idxs': {'entry_lam': [50], 'pk_lam': [50], 'pp_lam': [50], 'recovery_lam': [50], 'x_lam': [50], 'x_splines': [50], 'y_lam': [50], 'y_splines': [50]}, 'vals': {'entry_lam': [39.3491253235084], 'pk_lam': [7.181571919262701], 'pp_lam': [31.347481074386838], 'recovery_lam': [2.402971757556854], 'x_lam': [6.000138104900923], 'x_splines': [13.0], 'y_lam': [42.52431193318896], 'y_splines': [19.0]}}",,,0,2022-05-16 20:20:28.303,2022-05-16 20:20:31.031,2.0234511232845027,ok,39.3491253235084,7.181571919262701,31.347481074386838,2.402971757556854,6.000138104900923,13.0,42.52431193318896,19.0
2,51,,"{'loss': 2.0243298322791046, 'params': {'entry_lam': 1.8880750792436363, 'pk_lam': 96.66685199141293, 'pp_lam': 1.4736983804121888, 'recovery_lam': 5.026398050782583, 'x_lam': 0.5291348909377317, 'x_splines': 16.0, 'y_lam': 153.3313799142194, 'y_splines': 11.0}, 'status': 'ok'}","{'tid': 51, 'cmd': ('domain_attachment', 'FMinIter_Domain'), 'workdir': None, 'idxs': {'entry_lam': [51], 'pk_lam': [51], 'pp_lam': [51], 'recovery_lam': [51], 'x_lam': [51], 'x_splines': [51], 'y_lam': [51], 'y_splines': [51]}, 'vals': {'entry_lam': [1.8880750792436363], 'pk_lam': [96.66685199141293], 'pp_lam': [1.4736983804121888], 'recovery_lam': [5.026398050782583], 'x_lam': [0.5291348909377317], 'x_splines': [16.0], 'y_lam': [153.3313799142194], 'y_splines': [11.0]}}",,,0,2022-05-16 20:20:31.099,2022-05-16 20:20:32.844,2.0243298322791046,ok,1.8880750792436363,96.66685199141293,1.4736983804121888,5.026398050782583,0.5291348909377317,16.0,153.3313799142194,11.0
2,52,,"{'loss': 2.0269686974049757, 'params': {'entry_lam': 0.04090238630418587, 'pk_lam': 33.987708325822844, 'pp_lam': 0.036078120707461345, 'recovery_lam': 0.03223589445160172, 'x_lam': 1.9600688025112831, 'x_splines': 24.0, 'y_lam': 10.538648289554748, 'y_splines': 20.0}, 'status': 'ok'}","{'tid': 52, 'cmd': ('domain_attachment', 'FMinIter_Domain'), 'workdir': None, 'idxs': {'entry_lam': [52], 'pk_lam': [52], 'pp_lam': [52], 'recovery_lam': [52], 'x_lam': [52], 'x_splines': [52], 'y_lam': [52], 'y_splines': [52]}, 'vals': {'entry_lam': [0.04090238630418587], 'pk_lam': [33.987708325822844], 'pp_lam': [0.036078120707461345], 'recovery_lam': [0.03223589445160172], 'x_lam': [1.9600688025112831], 'x_splines': [24.0], 'y_lam': [10.538648289554748], 'y_splines': [20.0]}}",,,0,2022-05-16 20:20:32.967,2022-05-16 20:20:39.730,2.0269686974049757,ok,0.04090238630418587,33.987708325822844,0.036078120707461345,0.03223589445160172,1.9600688025112831,24.0,10.538648289554748,20.0
2,53,,"{'loss': 2.024061227794963, 'params': {'entry_lam': 76.14595454378372, 'pk_lam': 1.7623487251890808, 'pp_lam': 108.66632810765385, 'recovery_lam': 43.96512094342963, 'x_lam': 12.254911697725829, 'x_splines': 21.0, 'y_lam': 922.9119258529129, 'y_splines': 12.0}, 'status': 'ok'}","{'tid': 53, 'cmd': ('domain_attachment', 'FMinIter_Domain'), 'workdir': None, 'idxs': {'entry_lam': [53], 'pk_lam': [53], 'pp_lam': [53], 'recovery_lam': [53], 'x_lam': [53], 'x_splines': [53], 'y_lam': [53], 'y_splines': [53]}, 'vals': {'entry_lam': [76.14595454378372], 'pk_lam': [1.7623487251890808], 'pp_lam': [108.66632810765385], 'recovery_lam': [43.96512094342963], 'x_lam': [12.254911697725829], 'x_splines': [21.0], 'y_lam': [922.9119258529129], 'y_splines': [12.0]}}",,,0,2022-05-16 20:20:39.775,2022-05-16 20:20:42.578,2.024061227794963,ok,76.14595454378372,1.7623487251890808,108.66632810765385,43.96512094342963,12.254911697725829,21.0,922.9119258529129,12.0
2,54,,"{'loss': 2.026459365683074, 'params': {'entry_lam': 17.266317844185053, 'pk_lam': 16.42126281390695, 'pp_lam': 746.1049416447112, 'recovery_lam': 0.06151310750323538, 'x_lam': 55.39742397315114, 'x_splines': 30.0, 'y_lam': 3.041717152697797, 'y_splines': 27.0}, 'status': 'ok'}","{'tid': 54, 'cmd': ('domain_attachment', 'FMinIter_Domain'), 'workdir': None, 'idxs': {'entry_lam': [54], 'pk_lam': [54], 'pp_lam': [54], 'recovery_lam': [54], 'x_lam': [54], 'x_splines': [54], 'y_lam': [54], 'y_splines': [54]}, 'vals': {'entry_lam': [17.266317844185053], 'pk_lam': [16.42126281390695], 'pp_lam': [746.1049416447112], 'recovery_lam': [0.06151310750323538], 'x_lam': [55.39742397315114], 'x_splines': [30.0], 'y_lam': [3.041717152697797], 'y_splines': [27.0]}}",,,0,2022-05-16 20:20:42.643,2022-05-16 20:21:03.760,2.026459365683074,ok,17.266317844185053,16.42126281390695,746.1049416447112,0.06151310750323538,55.39742397315114,30.0,3.041717152697797,27.0
2,55,,"{'loss': 2.025422319885881, 'params': {'entry_lam': 125.572902956795, 'pk_lam': 635.2639360324712, 'pp_lam': 3.4395669015182695, 'recovery_lam': 0.14166294752761951, 'x_lam': 95.09885068576386, 'x_splines': 12.0, 'y_lam': 368.7726388830193, 'y_splines': 16.0}, 'status': 'ok'}","{'tid': 55, 'cmd': ('domain_attachment', 'FMinIter_Domain'), 'workdir': None, 'idxs': {'entry_lam': [55], 'pk_lam': [55], 'pp_lam': [55], 'recovery_lam': [55], 'x_lam': [55], 'x_splines': [55], 'y_lam': [55], 'y_splines': [55]}, 'vals': {'entry_lam': [125.572902956795], 'pk_lam': [635.2639360324712], 'pp_lam': [3.4395669015182695], 'recovery_lam': [0.14166294752761951], 'x_lam': [95.09885068576386], 'x_splines': [12.0], 'y_lam': [368.7726388830193], 'y_splines': [16.0]}}",,,0,2022-05-16 20:21:03.814,2022-05-16 20:21:05.850,2.025422319885881,ok,125.572902956795,635.2639360324712,3.4395669015182695,0.14166294752761951,95.09885068576386,12.0,368.7726388830193,16.0
2,56,,"{'loss': 2.0234293129375853, 'params': {'entry_lam': 7.884905356146216, 'pk_lam': 218.50042019696104, 'pp_lam': 7.664314630117748, 'recovery_lam': 15.910654771583557, 'x_lam': 1.200808568879428, 'x_splines': 15.0, 'y_lam': 684.8134064675422, 'y_splines': 23.0}, 'status': 'ok'}","{'tid': 56, 'cmd': ('domain_attachment', 'FMinIter_Domain'), 'workdir': None, 'idxs': {'entry_lam': [56], 'pk_lam': [56], 'pp_lam': [56], 'recovery_lam': [56], 'x_lam': [56], 'x_splines': [56], 'y_lam': [56], 'y_splines': [56]}, 'vals': {'entry_lam': [7.884905356146216], 'pk_lam': [218.50042019696104], 'pp_lam': [7.664314630117748], 'recovery_lam': [15.910654771583557], 'x_lam': [1.200808568879428], 'x_splines': [15.0], 'y_lam': [684.8134064675422], 'y_splines': [23.0]}}",,,0,2022-05-16 20:21:05.926,2022-05-16 20:21:10.061,2.0234293129375853,ok,7.884905356146216,218.50042019696104,7.664314630117748,15.910654771583557,1.200808568879428,15.0,684.8134064675422,23.0
2,57,,"{'loss': 2.028237812528787, 'params': {'entry_lam': 25.6258261867352, 'pk_lam': 4.188873089474805, 'pp_lam': 0.19687855436951543, 'recovery_lam': 0.23972352489810936, 'x_lam': 0.10819009424598147, 'x_splines': 14.0, 'y_lam': 5.22791729879075, 'y_splines': 21.0}, 'status': 'ok'}","{'tid': 57, 'cmd': ('domain_attachment', 'FMinIter_Domain'), 'workdir': None, 'idxs': {'entry_lam': [57], 'pk_lam': [57], 'pp_lam': [57], 'recovery_lam': [57], 'x_lam': [57], 'x_splines': [57], 'y_lam': [57], 'y_splines': [57]}, 'vals': {'entry_lam': [25.6258261867352], 'pk_lam': [4.188873089474805], 'pp_lam': [0.19687855436951543], 'recovery_lam': [0.23972352489810936], 'x_lam': [0.10819009424598147], 'x_splines': [14.0], 'y_lam': [5.22791729879075], 'y_splines': [21.0]}}",,,0,2022-05-16 20:21:10.111,2022-05-16 20:21:14.185,2.028237812528787,ok,25.6258261867352,4.188873089474805,0.19687855436951543,0.23972352489810936,0.10819009424598147,14.0,5.22791729879075,21.0
2,58,,"{'loss': 2.024402200696976, 'params': {'entry_lam': 818.226359664508, 'pk_lam': 434.2952141459477, 'pp_lam': 0.7371577168105639, 'recovery_lam': 0.010366781314326274, 'x_lam': 18.801819182492178, 'x_splines': 10.0, 'y_lam': 0.07541356780468422, 'y_splines': 10.0}, 'status': 'ok'}","{'tid': 58, 'cmd': ('domain_attachment', 'FMinIter_Domain'), 'workdir': None, 'idxs': {'entry_lam': [58], 'pk_lam': [58], 'pp_lam': [58], 'recovery_lam': [58], 'x_lam': [58], 'x_splines': [58], 'y_lam': [58], 'y_splines': [58]}, 'vals': {'entry_lam': [818.226359664508], 'pk_lam': [434.2952141459477], 'pp_lam': [0.7371577168105639], 'recovery_lam': [0.010366781314326274], 'x_lam': [18.801819182492178], 'x_splines': [10.0], 'y_lam': [0.07541356780468422], 'y_splines': [10.0]}}",,,0,2022-05-16 20:21:14.249,2022-05-16 20:21:15.715,2.024402200696976,ok,818.226359664508,434.2952141459477,0.7371577168105639,0.010366781314326274,18.801819182492178,10.0,0.07541356780468422,10.0
2,59,,"{'loss': 2.0240236479226605, 'params': {'entry_lam': 0.6265169518188778, 'pk_lam': 2.504509331070947, 'pp_lam': 14.00111896730494, 'recovery_lam': 1.1589383822677306, 'x_lam': 5.064457439959224, 'x_splines': 17.0, 'y_lam': 22.76438072499425, 'y_splines': 17.0}, 'status': 'ok'}","{'tid': 59, 'cmd': ('domain_attachment', 'FMinIter_Domain'), 'workdir': None, 'idxs': {'entry_lam': [59], 'pk_lam': [59], 'pp_lam': [59], 'recovery_lam': [59], 'x_lam': [59], 'x_splines': [59], 'y_lam': [59], 'y_splines': [59]}, 'vals': {'entry_lam': [0.6265169518188778], 'pk_lam': [2.504509331070947], 'pp_lam': [14.00111896730494], 'recovery_lam': [1.1589383822677306], 'x_lam': [5.064457439959224], 'x_splines': [17.0], 'y_lam': [22.76438072499425], 'y_splines': [17.0]}}",,,0,2022-05-16 20:21:15.798,2022-05-16 20:21:19.130,2.0240236479226605,ok,0.6265169518188778,2.504509331070947,14.00111896730494,1.1589383822677306,5.064457439959224,17.0,22.76438072499425,17.0
2,60,,"{'loss': 2.0236306836238134, 'params': {'entry_lam': 4.220722093977158, 'pk_lam': 187.23040135824613, 'pp_lam': 612.7805000715464, 'recovery_lam': 0.024740913472878837, 'x_lam': 2.833430283996323, 'x_splines': 19.0, 'y_lam': 203.5456855543826, 'y_splines': 15.0}, 'status': 'ok'}","{'tid': 60, 'cmd': ('domain_attachment', 'FMinIter_Domain'), 'workdir': None, 'idxs': {'entry_lam': [60], 'pk_lam': [60], 'pp_lam': [60], 'recovery_lam': [60], 'x_lam': [60], 'x_splines': [60], 'y_lam': [60], 'y_splines': [60]}, 'vals': {'entry_lam': [4.220722093977158], 'pk_lam': [187.23040135824613], 'pp_lam': [612.7805000715464], 'recovery_lam': [0.024740913472878837], 'x_lam': [2.833430283996323], 'x_splines': [19.0], 'y_lam': [203.5456855543826], 'y_splines': [15.0]}}",,,0,2022-05-16 20:21:19.181,2022-05-16 20:21:22.339,2.0236306836238134,ok,4.220722093977158,187.23040135824613,612.7805000715464,0.024740913472878837,2.833430283996323,19.0,203.5456855543826,15.0
2,61,,"{'loss': 2.0230692495685014, 'params': {'entry_lam': 1.5241371493778704, 'pk_lam': 870.5626813557761, 'pp_lam': 42.72351102991529, 'recovery_lam': 0.060096494352625665, 'x_lam': 10.123756978730569, 'x_splines': 11.0, 'y_lam': 65.3115475304753, 'y_splines': 14.0}, 'status': 'ok'}","{'tid': 61, 'cmd': ('domain_attachment', 'FMinIter_Domain'), 'workdir': None, 'idxs': {'entry_lam': [61], 'pk_lam': [61], 'pp_lam': [61], 'recovery_lam': [61], 'x_lam': [61], 'x_splines': [61], 'y_lam': [61], 'y_splines': [61]}, 'vals': {'entry_lam': [1.5241371493778704], 'pk_lam': [870.5626813557761], 'pp_lam': [42.72351102991529], 'recovery_lam': [0.060096494352625665], 'x_lam': [10.123756978730569], 'x_splines': [11.0], 'y_lam': [65.3115475304753], 'y_splines': [14.0]}}",,,0,2022-05-16 20:21:22.420,2022-05-16 20:21:24.063,2.0230692495685014,ok,1.5241371493778704,870.5626813557761,42.72351102991529,0.060096494352625665,10.123756978730569,11.0,65.3115475304753,14.0
2,62,,"{'loss': 2.0263151115833873, 'params': {'entry_lam': 1.098609640059473, 'pk_lam': 1.4303235484605072, 'pp_lam': 46.648002010123065, 'recovery_lam': 0.0503152867763307, 'x_lam': 0.0554458756641883, 'x_splines': 11.0, 'y_lam': 31.84899074248081, 'y_splines': 29.0}, 'status': 'ok'}","{'tid': 62, 'cmd': ('domain_attachment', 'FMinIter_Domain'), 'workdir': None, 'idxs': {'entry_lam': [62], 'pk_lam': [62], 'pp_lam': [62], 'recovery_lam': [62], 'x_lam': [62], 'x_splines': [62], 'y_lam': [62], 'y_splines': [62]}, 'vals': {'entry_lam': [1.098609640059473], 'pk_lam': [1.4303235484605072], 'pp_lam': [46.648002010123065], 'recovery_lam': [0.0503152867763307], 'x_lam': [0.0554458756641883], 'x_splines': [11.0], 'y_lam': [31.84899074248081], 'y_splines': [29.0]}}",,,0,2022-05-16 20:21:24.139,2022-05-16 20:21:27.795,2.0263151115833873,ok,1.098609640059473,1.4303235484605072,46.648002010123065,0.0503152867763307,0.0554458756641883,11.0,31.84899074248081,29.0
2,63,,"{'loss': 2.024482267698561, 'params': {'entry_lam': 0.28448921446407893, 'pk_lam': 712.1576042258478, 'pp_lam': 29.936913356171754, 'recovery_lam': 1.789388607200491, 'x_lam': 9.358238098534756, 'x_splines': 25.0, 'y_lam': 96.40107654741044, 'y_splines': 30.0}, 'status': 'ok'}","{'tid': 63, 'cmd': ('domain_attachment', 'FMinIter_Domain'), 'workdir': None, 'idxs': {'entry_lam': [63], 'pk_lam': [63], 'pp_lam': [63], 'recovery_lam': [63], 'x_lam': [63], 'x_splines': [63], 'y_lam': [63], 'y_splines': [63]}, 'vals': {'entry_lam': [0.28448921446407893], 'pk_lam': [712.1576042258478], 'pp_lam': [29.936913356171754], 'recovery_lam': [1.789388607200491], 'x_lam': [9.358238098534756], 'x_splines': [25.0], 'y_lam': [96.40107654741044], 'y_splines': [30.0]}}",,,0,2022-05-16 20:21:27.843,2022-05-16 20:21:42.989,2.024482267698561,ok,0.28448921446407893,712.1576042258478,29.936913356171754,1.789388607200491,9.358238098534756,25.0,96.40107654741044,30.0
2,64,,"{'loss': 2.024975586245952, 'params': {'entry_lam': 0.033986050279130986, 'pk_lam': 0.013057176565308358, 'pp_lam': 2.0678510180873606, 'recovery_lam': 0.8676521026536488, 'x_lam': 0.20879922755445715, 'x_splines': 16.0, 'y_lam': 58.93210402501648, 'y_splines': 14.0}, 'status': 'ok'}","{'tid': 64, 'cmd': ('domain_attachment', 'FMinIter_Domain'), 'workdir': None, 'idxs': {'entry_lam': [64], 'pk_lam': [64], 'pp_lam': [64], 'recovery_lam': [64], 'x_lam': [64], 'x_splines': [64], 'y_lam': [64], 'y_splines': [64]}, 'vals': {'entry_lam': [0.033986050279130986], 'pk_lam': [0.013057176565308358], 'pp_lam': [2.0678510180873606], 'recovery_lam': [0.8676521026536488], 'x_lam': [0.20879922755445715], 'x_splines': [16.0], 'y_lam': [58.93210402501648], 'y_splines': [14.0]}}",,,0,2022-05-16 20:21:43.036,2022-05-16 20:21:45.423,2.024975586245952,ok,0.033986050279130986,0.013057176565308358,2.0678510180873606,0.8676521026536488,0.20879922755445715,16.0,58.93210402501648,14.0
2,65,,"{'loss': 2.023400396903312, 'params': {'entry_lam': 1.5755415498403778, 'pk_lam': 941.7221682420976, 'pp_lam': 118.13903419713698, 'recovery_lam': 0.09182734751305019, 'x_lam': 17.179900980716127, 'x_splines': 13.0, 'y_lam': 413.34057365767916, 'y_splines': 13.0}, 'status': 'ok'}","{'tid': 65, 'cmd': ('domain_attachment', 'FMinIter_Domain'), 'workdir': None, 'idxs': {'entry_lam': [65], 'pk_lam': [65], 'pp_lam': [65], 'recovery_lam': [65], 'x_lam': [65], 'x_splines': [65], 'y_lam': [65], 'y_splines': [65]}, 'vals': {'entry_lam': [1.5755415498403778], 'pk_lam': [941.7221682420976], 'pp_lam': [118.13903419713698], 'recovery_lam': [0.09182734751305019], 'x_lam': [17.179900980716127], 'x_splines': [13.0], 'y_lam': [413.34057365767916], 'y_splines': [13.0]}}",,,0,2022-05-16 20:21:45.469,2022-05-16 20:21:47.349,2.023400396903312,ok,1.5755415498403778,941.7221682420976,118.13903419713698,0.09182734751305019,17.179900980716127,13.0,413.34057365767916,13.0
2,66,,"{'loss': 2.024232520590414, 'params': {'entry_lam': 0.42532057574496135, 'pk_lam': 97.25067379826213, 'pp_lam': 284.6294685544267, 'recovery_lam': 0.3270735066347619, 'x_lam': 25.50105557019047, 'x_splines': 10.0, 'y_lam': 158.93915848517778, 'y_splines': 18.0}, 'status': 'ok'}","{'tid': 66, 'cmd': ('domain_attachment', 'FMinIter_Domain'), 'workdir': None, 'idxs': {'entry_lam': [66], 'pk_lam': [66], 'pp_lam': [66], 'recovery_lam': [66], 'x_lam': [66], 'x_splines': [66], 'y_lam': [66], 'y_splines': [66]}, 'vals': {'entry_lam': [0.42532057574496135], 'pk_lam': [97.25067379826213], 'pp_lam': [284.6294685544267], 'recovery_lam': [0.3270735066347619], 'x_lam': [25.50105557019047], 'x_splines': [10.0], 'y_lam': [158.93915848517778], 'y_splines': [18.0]}}",,,0,2022-05-16 20:21:47.396,2022-05-16 20:21:49.263,2.024232520590414,ok,0.42532057574496135,97.25067379826213,284.6294685544267,0.3270735066347619,25.50105557019047,10.0,158.93915848517778,18.0
2,67,,"{'loss': 2.023302902131456, 'params': {'entry_lam': 0.8866873801439619, 'pk_lam': 24.151905802232676, 'pp_lam': 21.79669711235587, 'recovery_lam': 0.17754901043075008, 'x_lam': 8.889455390131742, 'x_splines': 12.0, 'y_lam': 263.8236331428299, 'y_splines': 12.0}, 'status': 'ok'}","{'tid': 67, 'cmd': ('domain_attachment', 'FMinIter_Domain'), 'workdir': None, 'idxs': {'entry_lam': [67], 'pk_lam': [67], 'pp_lam': [67], 'recovery_lam': [67], 'x_lam': [67], 'x_splines': [67], 'y_lam': [67], 'y_splines': [67]}, 'vals': {'entry_lam': [0.8866873801439619], 'pk_lam': [24.151905802232676], 'pp_lam': [21.79669711235587], 'recovery_lam': [0.17754901043075008], 'x_lam': [8.889455390131742], 'x_splines': [12.0], 'y_lam': [263.8236331428299], 'y_splines': [12.0]}}",,,0,2022-05-16 20:21:49.311,2022-05-16 20:21:50.791,2.023302902131456,ok,0.8866873801439619,24.151905802232676,21.79669711235587,0.17754901043075008,8.889455390131742,12.0,263.8236331428299,12.0
2,68,,"{'loss': 2.023587436734859, 'params': {'entry_lam': 0.10673565513210928, 'pk_lam': 148.56706076352572, 'pp_lam': 201.17446848868823, 'recovery_lam': 0.015359917872794431, 'x_lam': 2.511029787127467, 'x_splines': 14.0, 'y_lam': 944.7031550223368, 'y_splines': 15.0}, 'status': 'ok'}","{'tid': 68, 'cmd': ('domain_attachment', 'FMinIter_Domain'), 'workdir': None, 'idxs': {'entry_lam': [68], 'pk_lam': [68], 'pp_lam': [68], 'recovery_lam': [68], 'x_lam': [68], 'x_splines': [68], 'y_lam': [68], 'y_splines': [68]}, 'vals': {'entry_lam': [0.10673565513210928], 'pk_lam': [148.56706076352572], 'pp_lam': [201.17446848868823], 'recovery_lam': [0.015359917872794431], 'x_lam': [2.511029787127467], 'x_splines': [14.0], 'y_lam': [944.7031550223368], 'y_splines': [15.0]}}",,,0,2022-05-16 20:21:50.840,2022-05-16 20:21:53.011,2.023587436734859,ok,0.10673565513210928,148.56706076352572,201.17446848868823,0.015359917872794431,2.511029787127467,14.0,944.7031550223368,15.0
2,69,,"{'loss': 2.024302294619367, 'params': {'entry_lam': 3.1324659413848823, 'pk_lam': 47.41458937700887, 'pp_lam': 75.63871197057955, 'recovery_lam': 0.060452977385004276, 'x_lam': 34.25045703634812, 'x_splines': 11.0, 'y_lam': 13.139206085400499, 'y_splines': 16.0}, 'status': 'ok'}","{'tid': 69, 'cmd': ('domain_attachment', 'FMinIter_Domain'), 'workdir': None, 'idxs': {'entry_lam': [69], 'pk_lam': [69], 'pp_lam': [69], 'recovery_lam': [69], 'x_lam': [69], 'x_splines': [69], 'y_lam': [69], 'y_splines': [69]}, 'vals': {'entry_lam': [3.1324659413848823], 'pk_lam': [47.41458937700887], 'pp_lam': [75.63871197057955], 'recovery_lam': [0.060452977385004276], 'x_lam': [34.25045703634812], 'x_splines': [11.0], 'y_lam': [13.139206085400499], 'y_splines': [16.0]}}",,,0,2022-05-16 20:21:53.060,2022-05-16 20:21:54.894,2.024302294619367,ok,3.1324659413848823,47.41458937700887,75.63871197057955,0.060452977385004276,34.25045703634812,11.0,13.139206085400499,16.0
2,70,,"{'loss': 2.0228166650984165, 'params': {'entry_lam': 6.425971777831048, 'pk_lam': 362.3408488493783, 'pp_lam': 160.54622159102445, 'recovery_lam': 0.03021934566054816, 'x_lam': 4.782840689702454, 'x_splines': 12.0, 'y_lam': 73.87456742413468, 'y_splines': 14.0}, 'status': 'ok'}","{'tid': 70, 'cmd': ('domain_attachment', 'FMinIter_Domain'), 'workdir': None, 'idxs': {'entry_lam': [70], 'pk_lam': [70], 'pp_lam': [70], 'recovery_lam': [70], 'x_lam': [70], 'x_splines': [70], 'y_lam': [70], 'y_splines': [70]}, 'vals': {'entry_lam': [6.425971777831048], 'pk_lam': [362.3408488493783], 'pp_lam': [160.54622159102445], 'recovery_lam': [0.03021934566054816], 'x_lam': [4.782840689702454], 'x_splines': [12.0], 'y_lam': [73.87456742413468], 'y_splines': [14.0]}}",,,0,2022-05-16 20:21:54.982,2022-05-16 20:21:56.846,2.0228166650984165,ok,6.425971777831048,362.3408488493783,160.54622159102445,0.03021934566054816,4.782840689702454,12.0,73.87456742413468,14.0
2,71,,"{'loss': 2.0249391206214185, 'params': {'entry_lam': 0.16918341250081537, 'pk_lam': 435.35433565620434, 'pp_lam': 3.596779744894378, 'recovery_lam': 0.03225960350714289, 'x_lam': 4.720072128497688, 'x_splines': 15.0, 'y_lam': 1.766941065378477, 'y_splines': 14.0}, 'status': 'ok'}","{'tid': 71, 'cmd': ('domain_attachment', 'FMinIter_Domain'), 'workdir': None, 'idxs': {'entry_lam': [71], 'pk_lam': [71], 'pp_lam': [71], 'recovery_lam': [71], 'x_lam': [71], 'x_splines': [71], 'y_lam': [71], 'y_splines': [71]}, 'vals': {'entry_lam': [0.16918341250081537], 'pk_lam': [435.35433565620434], 'pp_lam': [3.596779744894378], 'recovery_lam': [0.03225960350714289], 'x_lam': [4.720072128497688], 'x_splines': [15.0], 'y_lam': [1.766941065378477], 'y_splines': [14.0]}}",,,0,2022-05-16 20:21:56.907,2022-05-16 20:21:59.068,2.0249391206214185,ok,0.16918341250081537,435.35433565620434,3.596779744894378,0.03225960350714289,4.720072128497688,15.0,1.766941065378477,14.0
2,72,,"{'loss': 2.024342413078108, 'params': {'entry_lam': 6.113363199197388, 'pk_lam': 0.07095932239762086, 'pp_lam': 16.63555833811504, 'recovery_lam': 0.012035945381721199, 'x_lam': 1.615437544838278, 'x_splines': 17.0, 'y_lam': 49.180824090931615, 'y_splines': 19.0}, 'status': 'ok'}","{'tid': 72, 'cmd': ('domain_attachment', 'FMinIter_Domain'), 'workdir': None, 'idxs': {'entry_lam': [72], 'pk_lam': [72], 'pp_lam': [72], 'recovery_lam': [72], 'x_lam': [72], 'x_splines': [72], 'y_lam': [72], 'y_splines': [72]}, 'vals': {'entry_lam': [6.113363199197388], 'pk_lam': [0.07095932239762086], 'pp_lam': [16.63555833811504], 'recovery_lam': [0.012035945381721199], 'x_lam': [1.615437544838278], 'x_splines': [17.0], 'y_lam': [49.180824090931615], 'y_splines': [19.0]}}",,,0,2022-05-16 20:21:59.141,2022-05-16 20:22:02.984,2.024342413078108,ok,6.113363199197388,0.07095932239762086,16.63555833811504,0.012035945381721199,1.615437544838278,17.0,49.180824090931615,19.0
2,73,,"{'loss': 2.02343129789714, 'params': {'entry_lam': 10.294475869856926, 'pk_lam': 337.1589594102666, 'pp_lam': 8.685072644223952, 'recovery_lam': 0.01980830445720399, 'x_lam': 50.70282684913118, 'x_splines': 13.0, 'y_lam': 79.5595416843723, 'y_splines': 11.0}, 'status': 'ok'}","{'tid': 73, 'cmd': ('domain_attachment', 'FMinIter_Domain'), 'workdir': None, 'idxs': {'entry_lam': [73], 'pk_lam': [73], 'pp_lam': [73], 'recovery_lam': [73], 'x_lam': [73], 'x_splines': [73], 'y_lam': [73], 'y_splines': [73]}, 'vals': {'entry_lam': [10.294475869856926], 'pk_lam': [337.1589594102666], 'pp_lam': [8.685072644223952], 'recovery_lam': [0.01980830445720399], 'x_lam': [50.70282684913118], 'x_splines': [13.0], 'y_lam': [79.5595416843723], 'y_splines': [11.0]}}",,,0,2022-05-16 20:22:03.032,2022-05-16 20:22:04.539,2.02343129789714,ok,10.294475869856926,337.1589594102666,8.685072644223952,0.01980830445720399,50.70282684913118,13.0,79.5595416843723,11.0
2,74,,"{'loss': 2.0243564409485804, 'params': {'entry_lam': 17.190217175743832, 'pk_lam': 894.1918646255407, 'pp_lam': 318.5509859812152, 'recovery_lam': 0.5219150061503851, 'x_lam': 0.9700434921128418, 'x_splines': 10.0, 'y_lam': 5.183802087746268, 'y_splines': 17.0}, 'status': 'ok'}","{'tid': 74, 'cmd': ('domain_attachment', 'FMinIter_Domain'), 'workdir': None, 'idxs': {'entry_lam': [74], 'pk_lam': [74], 'pp_lam': [74], 'recovery_lam': [74], 'x_lam': [74], 'x_splines': [74], 'y_lam': [74], 'y_splines': [74]}, 'vals': {'entry_lam': [17.190217175743832], 'pk_lam': [894.1918646255407], 'pp_lam': [318.5509859812152], 'recovery_lam': [0.5219150061503851], 'x_lam': [0.9700434921128418], 'x_splines': [10.0], 'y_lam': [5.183802087746268], 'y_splines': [17.0]}}",,,0,2022-05-16 20:22:04.589,2022-05-16 20:22:06.509,2.0243564409485804,ok,17.190217175743832,894.1918646255407,318.5509859812152,0.5219150061503851,0.9700434921128418,10.0,5.183802087746268,17.0
2,75,,"{'loss': 2.0255858325098295, 'params': {'entry_lam': 2.6696113814959026, 'pk_lam': 9.433860541140074, 'pp_lam': 143.5643462125315, 'recovery_lam': 0.025467338297979737, 'x_lam': 158.1715658463604, 'x_splines': 12.0, 'y_lam': 36.342723256683676, 'y_splines': 12.0}, 'status': 'ok'}","{'tid': 75, 'cmd': ('domain_attachment', 'FMinIter_Domain'), 'workdir': None, 'idxs': {'entry_lam': [75], 'pk_lam': [75], 'pp_lam': [75], 'recovery_lam': [75], 'x_lam': [75], 'x_splines': [75], 'y_lam': [75], 'y_splines': [75]}, 'vals': {'entry_lam': [2.6696113814959026], 'pk_lam': [9.433860541140074], 'pp_lam': [143.5643462125315], 'recovery_lam': [0.025467338297979737], 'x_lam': [158.1715658463604], 'x_splines': [12.0], 'y_lam': [36.342723256683676], 'y_splines': [12.0]}}",,,0,2022-05-16 20:22:06.558,2022-05-16 20:22:08.036,2.0255858325098295,ok,2.6696113814959026,9.433860541140074,143.5643462125315,0.025467338297979737,158.1715658463604,12.0,36.342723256683676,12.0
2,76,,"{'loss': 2.023863916289793, 'params': {'entry_lam': 13.752560005059202, 'pk_lam': 89.94624743347775, 'pp_lam': 41.23237321534796, 'recovery_lam': 8.334087693224445, 'x_lam': 0.38569179592200364, 'x_splines': 11.0, 'y_lam': 20.55993874459763, 'y_splines': 16.0}, 'status': 'ok'}","{'tid': 76, 'cmd': ('domain_attachment', 'FMinIter_Domain'), 'workdir': None, 'idxs': {'entry_lam': [76], 'pk_lam': [76], 'pp_lam': [76], 'recovery_lam': [76], 'x_lam': [76], 'x_splines': [76], 'y_lam': [76], 'y_splines': [76]}, 'vals': {'entry_lam': [13.752560005059202], 'pk_lam': [89.94624743347775], 'pp_lam': [41.23237321534796], 'recovery_lam': [8.334087693224445], 'x_lam': [0.38569179592200364], 'x_splines': [11.0], 'y_lam': [20.55993874459763], 'y_splines': [16.0]}}",,,0,2022-05-16 20:22:08.119,2022-05-16 20:22:09.988,2.023863916289793,ok,13.752560005059202,89.94624743347775,41.23237321534796,8.334087693224445,0.38569179592200364,11.0,20.55993874459763,16.0
2,77,,"{'loss': 2.0245821556812023, 'params': {'entry_lam': 35.42582851599345, 'pk_lam': 0.32532990254187255, 'pp_lam': 5.395955099244169, 'recovery_lam': 0.09773976694376975, 'x_lam': 0.531451380257119, 'x_splines': 14.0, 'y_lam': 10.351183985346115, 'y_splines': 13.0}, 'status': 'ok'}","{'tid': 77, 'cmd': ('domain_attachment', 'FMinIter_Domain'), 'workdir': None, 'idxs': {'entry_lam': [77], 'pk_lam': [77], 'pp_lam': [77], 'recovery_lam': [77], 'x_lam': [77], 'x_splines': [77], 'y_lam': [77], 'y_splines': [77]}, 'vals': {'entry_lam': [35.42582851599345], 'pk_lam': [0.32532990254187255], 'pp_lam': [5.395955099244169], 'recovery_lam': [0.09773976694376975], 'x_lam': [0.531451380257119], 'x_splines': [14.0], 'y_lam': [10.351183985346115], 'y_splines': [13.0]}}",,,0,2022-05-16 20:22:10.079,2022-05-16 20:22:11.903,2.0245821556812023,ok,35.42582851599345,0.32532990254187255,5.395955099244169,0.09773976694376975,0.531451380257119,14.0,10.351183985346115,13.0
2,78,,"{'loss': 2.0233297103430843, 'params': {'entry_lam': 0.06878756182737161, 'pk_lam': 5.945844082208229, 'pp_lam': 996.4111220736365, 'recovery_lam': 304.42681785566276, 'x_lam': 3.068820078451934, 'x_splines': 13.0, 'y_lam': 132.45597786279026, 'y_splines': 18.0}, 'status': 'ok'}","{'tid': 78, 'cmd': ('domain_attachment', 'FMinIter_Domain'), 'workdir': None, 'idxs': {'entry_lam': [78], 'pk_lam': [78], 'pp_lam': [78], 'recovery_lam': [78], 'x_lam': [78], 'x_splines': [78], 'y_lam': [78], 'y_splines': [78]}, 'vals': {'entry_lam': [0.06878756182737161], 'pk_lam': [5.945844082208229], 'pp_lam': [996.4111220736365], 'recovery_lam': [304.42681785566276], 'x_lam': [3.068820078451934], 'x_splines': [13.0], 'y_lam': [132.45597786279026], 'y_splines': [18.0]}}",,,0,2022-05-16 20:22:11.968,2022-05-16 20:22:14.567,2.0233297103430843,ok,0.06878756182737161,5.945844082208229,996.4111220736365,304.42681785566276,3.068820078451934,13.0,132.45597786279026,18.0
2,79,,"{'loss': 2.023445830770138, 'params': {'entry_lam': 0.47543193643795867, 'pk_lam': 64.12971464926184, 'pp_lam': 88.2855469987152, 'recovery_lam': 965.8355949948901, 'x_lam': 26.318001263838813, 'x_splines': 18.0, 'y_lam': 311.53431492755806, 'y_splines': 14.0}, 'status': 'ok'}","{'tid': 79, 'cmd': ('domain_attachment', 'FMinIter_Domain'), 'workdir': None, 'idxs': {'entry_lam': [79], 'pk_lam': [79], 'pp_lam': [79], 'recovery_lam': [79], 'x_lam': [79], 'x_splines': [79], 'y_lam': [79], 'y_splines': [79]}, 'vals': {'entry_lam': [0.47543193643795867], 'pk_lam': [64.12971464926184], 'pp_lam': [88.2855469987152], 'recovery_lam': [965.8355949948901], 'x_lam': [26.318001263838813], 'x_splines': [18.0], 'y_lam': [311.53431492755806], 'y_splines': [14.0]}}",,,0,2022-05-16 20:22:14.615,2022-05-16 20:22:17.378,2.023445830770138,ok,0.47543193643795867,64.12971464926184,88.2855469987152,965.8355949948901,26.318001263838813,18.0,311.53431492755806,14.0
2,80,,"{'loss': 2.023679868552098, 'params': {'entry_lam': 3.7498895571782382, 'pk_lam': 0.7486270795494172, 'pp_lam': 27.643168872441525, 'recovery_lam': 0.3274290069000852, 'x_lam': 15.640914842336791, 'x_splines': 15.0, 'y_lam': 462.38902290750104, 'y_splines': 10.0}, 'status': 'ok'}","{'tid': 80, 'cmd': ('domain_attachment', 'FMinIter_Domain'), 'workdir': None, 'idxs': {'entry_lam': [80], 'pk_lam': [80], 'pp_lam': [80], 'recovery_lam': [80], 'x_lam': [80], 'x_splines': [80], 'y_lam': [80], 'y_splines': [80]}, 'vals': {'entry_lam': [3.7498895571782382], 'pk_lam': [0.7486270795494172], 'pp_lam': [27.643168872441525], 'recovery_lam': [0.3274290069000852], 'x_lam': [15.640914842336791], 'x_splines': [15.0], 'y_lam': [462.38902290750104], 'y_splines': [10.0]}}",,,0,2022-05-16 20:22:17.428,2022-05-16 20:22:18.976,2.023679868552098,ok,3.7498895571782382,0.7486270795494172,27.643168872441525,0.3274290069000852,15.640914842336791,15.0,462.38902290750104,10.0
2,81,,"{'loss': 2.025167104353199, 'params': {'entry_lam': 6.557580212102927, 'pk_lam': 17.675178243250127, 'pp_lam': 50.29427191136296, 'recovery_lam': 0.04214924091235427, 'x_lam': 2.0142945933205247, 'x_splines': 28.0, 'y_lam': 111.13886117677842, 'y_splines': 19.0}, 'status': 'ok'}","{'tid': 81, 'cmd': ('domain_attachment', 'FMinIter_Domain'), 'workdir': None, 'idxs': {'entry_lam': [81], 'pk_lam': [81], 'pp_lam': [81], 'recovery_lam': [81], 'x_lam': [81], 'x_splines': [81], 'y_lam': [81], 'y_splines': [81]}, 'vals': {'entry_lam': [6.557580212102927], 'pk_lam': [17.675178243250127], 'pp_lam': [50.29427191136296], 'recovery_lam': [0.04214924091235427], 'x_lam': [2.0142945933205247], 'x_splines': [28.0], 'y_lam': [111.13886117677842], 'y_splines': [19.0]}}",,,0,2022-05-16 20:22:19.025,2022-05-16 20:22:27.076,2.025167104353199,ok,6.557580212102927,17.675178243250127,50.29427191136296,0.04214924091235427,2.0142945933205247,28.0,111.13886117677842,19.0
2,82,,"{'loss': 2.0248149352488025, 'params': {'entry_lam': 2.0088715656358613, 'pk_lam': 0.16003405707037316, 'pp_lam': 1.0748444577595602, 'recovery_lam': 5.452633364270108, 'x_lam': 6.565831868066028, 'x_splines': 11.0, 'y_lam': 2.132049316756616, 'y_splines': 17.0}, 'status': 'ok'}","{'tid': 82, 'cmd': ('domain_attachment', 'FMinIter_Domain'), 'workdir': None, 'idxs': {'entry_lam': [82], 'pk_lam': [82], 'pp_lam': [82], 'recovery_lam': [82], 'x_lam': [82], 'x_splines': [82], 'y_lam': [82], 'y_splines': [82]}, 'vals': {'entry_lam': [2.0088715656358613], 'pk_lam': [0.16003405707037316], 'pp_lam': [1.0748444577595602], 'recovery_lam': [5.452633364270108], 'x_lam': [6.565831868066028], 'x_splines': [11.0], 'y_lam': [2.132049316756616], 'y_splines': [17.0]}}",,,0,2022-05-16 20:22:27.137,2022-05-16 20:22:29.511,2.0248149352488025,ok,2.0088715656358613,0.16003405707037316,1.0748444577595602,5.452633364270108,6.565831868066028,11.0,2.132049316756616,17.0
2,83,,"{'loss': 2.0245799153689714, 'params': {'entry_lam': 1.3181775636714528, 'pk_lam': 0.029153110271821898, 'pp_lam': 11.745368251958464, 'recovery_lam': 0.06575809770909576, 'x_lam': 67.24651881066595, 'x_splines': 12.0, 'y_lam': 26.142524892394423, 'y_splines': 15.0}, 'status': 'ok'}","{'tid': 83, 'cmd': ('domain_attachment', 'FMinIter_Domain'), 'workdir': None, 'idxs': {'entry_lam': [83], 'pk_lam': [83], 'pp_lam': [83], 'recovery_lam': [83], 'x_lam': [83], 'x_splines': [83], 'y_lam': [83], 'y_splines': [83]}, 'vals': {'entry_lam': [1.3181775636714528], 'pk_lam': [0.029153110271821898], 'pp_lam': [11.745368251958464], 'recovery_lam': [0.06575809770909576], 'x_lam': [67.24651881066595], 'x_splines': [12.0], 'y_lam': [26.142524892394423], 'y_splines': [15.0]}}",,,0,2022-05-16 20:22:29.560,2022-05-16 20:22:31.418,2.0245799153689714,ok,1.3181775636714528,0.029153110271821898,11.745368251958464,0.06575809770909576,67.24651881066595,12.0,26.142524892394423,15.0
2,84,,"{'loss': 2.0233603256998363, 'params': {'entry_lam': 50.656280833676824, 'pk_lam': 33.30054499399996, 'pp_lam': 529.4274458887, 'recovery_lam': 3.529428820070675, 'x_lam': 125.71868521190521, 'x_splines': 16.0, 'y_lam': 7.642840909718972, 'y_splines': 11.0}, 'status': 'ok'}","{'tid': 84, 'cmd': ('domain_attachment', 'FMinIter_Domain'), 'workdir': None, 'idxs': {'entry_lam': [84], 'pk_lam': [84], 'pp_lam': [84], 'recovery_lam': [84], 'x_lam': [84], 'x_splines': [84], 'y_lam': [84], 'y_splines': [84]}, 'vals': {'entry_lam': [50.656280833676824], 'pk_lam': [33.30054499399996], 'pp_lam': [529.4274458887], 'recovery_lam': [3.529428820070675], 'x_lam': [125.71868521190521], 'x_splines': [16.0], 'y_lam': [7.642840909718972], 'y_splines': [11.0]}}",,,0,2022-05-16 20:22:31.467,2022-05-16 20:22:33.238,2.0233603256998363,ok,50.656280833676824,33.30054499399996,529.4274458887,3.529428820070675,125.71868521190521,16.0,7.642840909718972,11.0
2,85,,"{'loss': 2.026261289982332, 'params': {'entry_lam': 70.52237585927816, 'pk_lam': 182.72194430777034, 'pp_lam': 144.00321291551592, 'recovery_lam': 93.35795398667226, 'x_lam': 3.761571129242544, 'x_splines': 10.0, 'y_lam': 0.8247743060920724, 'y_splines': 22.0}, 'status': 'ok'}","{'tid': 85, 'cmd': ('domain_attachment', 'FMinIter_Domain'), 'workdir': None, 'idxs': {'entry_lam': [85], 'pk_lam': [85], 'pp_lam': [85], 'recovery_lam': [85], 'x_lam': [85], 'x_splines': [85], 'y_lam': [85], 'y_splines': [85]}, 'vals': {'entry_lam': [70.52237585927816], 'pk_lam': [182.72194430777034], 'pp_lam': [144.00321291551592], 'recovery_lam': [93.35795398667226], 'x_lam': [3.761571129242544], 'x_splines': [10.0], 'y_lam': [0.8247743060920724], 'y_splines': [22.0]}}",,,0,2022-05-16 20:22:33.290,2022-05-16 20:22:36.166,2.026261289982332,ok,70.52237585927816,182.72194430777034,144.00321291551592,93.35795398667226,3.761571129242544,10.0,0.8247743060920724,22.0
2,86,,"{'loss': 2.024471374654464, 'params': {'entry_lam': 0.7780610453464009, 'pk_lam': 3.8936994011680435, 'pp_lam': 0.4124906134999614, 'recovery_lam': 0.14060454013329346, 'x_lam': 42.642709568099406, 'x_splines': 13.0, 'y_lam': 72.08219673927309, 'y_splines': 24.0}, 'status': 'ok'}","{'tid': 86, 'cmd': ('domain_attachment', 'FMinIter_Domain'), 'workdir': None, 'idxs': {'entry_lam': [86], 'pk_lam': [86], 'pp_lam': [86], 'recovery_lam': [86], 'x_lam': [86], 'x_splines': [86], 'y_lam': [86], 'y_splines': [86]}, 'vals': {'entry_lam': [0.7780610453464009], 'pk_lam': [3.8936994011680435], 'pp_lam': [0.4124906134999614], 'recovery_lam': [0.14060454013329346], 'x_lam': [42.642709568099406], 'x_splines': [13.0], 'y_lam': [72.08219673927309], 'y_splines': [24.0]}}",,,0,2022-05-16 20:22:36.217,2022-05-16 20:22:39.814,2.024471374654464,ok,0.7780610453464009,3.8936994011680435,0.4124906134999614,0.14060454013329346,42.642709568099406,13.0,72.08219673927309,24.0
2,87,,"{'loss': 2.0273646087467116, 'params': {'entry_lam': 0.01032930552309825, 'pk_lam': 337.96830119497275, 'pp_lam': 1.5595482954296735, 'recovery_lam': 20.04180433892065, 'x_lam': 0.2852419719102818, 'x_splines': 14.0, 'y_lam': 4.655734068500519, 'y_splines': 20.0}, 'status': 'ok'}","{'tid': 87, 'cmd': ('domain_attachment', 'FMinIter_Domain'), 'workdir': None, 'idxs': {'entry_lam': [87], 'pk_lam': [87], 'pp_lam': [87], 'recovery_lam': [87], 'x_lam': [87], 'x_splines': [87], 'y_lam': [87], 'y_splines': [87]}, 'vals': {'entry_lam': [0.01032930552309825], 'pk_lam': [337.96830119497275], 'pp_lam': [1.5595482954296735], 'recovery_lam': [20.04180433892065], 'x_lam': [0.2852419719102818], 'x_splines': [14.0], 'y_lam': [4.655734068500519], 'y_splines': [20.0]}}",,,0,2022-05-16 20:22:39.867,2022-05-16 20:22:42.975,2.0273646087467116,ok,0.01032930552309825,337.96830119497275,1.5595482954296735,20.04180433892065,0.2852419719102818,14.0,4.655734068500519,20.0
2,88,,"{'loss': 2.02499055951734, 'params': {'entry_lam': 9.771280107797402, 'pk_lam': 700.5971520213616, 'pp_lam': 2.6279537708439635, 'recovery_lam': 10.612130552112877, 'x_lam': 5.072643796674555, 'x_splines': 20.0, 'y_lam': 16.31669681754649, 'y_splines': 21.0}, 'status': 'ok'}","{'tid': 88, 'cmd': ('domain_attachment', 'FMinIter_Domain'), 'workdir': None, 'idxs': {'entry_lam': [88], 'pk_lam': [88], 'pp_lam': [88], 'recovery_lam': [88], 'x_lam': [88], 'x_splines': [88], 'y_lam': [88], 'y_splines': [88]}, 'vals': {'entry_lam': [9.771280107797402], 'pk_lam': [700.5971520213616], 'pp_lam': [2.6279537708439635], 'recovery_lam': [10.612130552112877], 'x_lam': [5.072643796674555], 'x_splines': [20.0], 'y_lam': [16.31669681754649], 'y_splines': [21.0]}}",,,0,2022-05-16 20:22:43.033,2022-05-16 20:22:48.561,2.02499055951734,ok,9.771280107797402,700.5971520213616,2.6279537708439635,10.612130552112877,5.072643796674555,20.0,16.31669681754649,21.0
2,89,,"{'loss': 2.0239918012032687, 'params': {'entry_lam': 108.43541582989823, 'pk_lam': 458.89246695145977, 'pp_lam': 6.236533763613, 'recovery_lam': 0.010032317797212685, 'x_lam': 11.258171051171264, 'x_splines': 22.0, 'y_lam': 659.7869110513631, 'y_splines': 13.0}, 'status': 'ok'}","{'tid': 89, 'cmd': ('domain_attachment', 'FMinIter_Domain'), 'workdir': None, 'idxs': {'entry_lam': [89], 'pk_lam': [89], 'pp_lam': [89], 'recovery_lam': [89], 'x_lam': [89], 'x_splines': [89], 'y_lam': [89], 'y_splines': [89]}, 'vals': {'entry_lam': [108.43541582989823], 'pk_lam': [458.89246695145977], 'pp_lam': [6.236533763613], 'recovery_lam': [0.010032317797212685], 'x_lam': [11.258171051171264], 'x_splines': [22.0], 'y_lam': [659.7869110513631], 'y_splines': [13.0]}}",,,0,2022-05-16 20:22:48.612,2022-05-16 20:22:51.803,2.0239918012032687,ok,108.43541582989823,458.89246695145977,6.236533763613,0.010032317797212685,11.258171051171264,22.0,659.7869110513631,13.0
2,90,,"{'loss': 2.0238361759815606, 'params': {'entry_lam': 29.3779799948216, 'pk_lam': 18.812141666387852, 'pp_lam': 4.447153615393164, 'recovery_lam': 0.24252068820520722, 'x_lam': 1.3646103991049316, 'x_splines': 17.0, 'y_lam': 231.9416837089803, 'y_splines': 16.0}, 'status': 'ok'}","{'tid': 90, 'cmd': ('domain_attachment', 'FMinIter_Domain'), 'workdir': None, 'idxs': {'entry_lam': [90], 'pk_lam': [90], 'pp_lam': [90], 'recovery_lam': [90], 'x_lam': [90], 'x_splines': [90], 'y_lam': [90], 'y_splines': [90]}, 'vals': {'entry_lam': [29.3779799948216], 'pk_lam': [18.812141666387852], 'pp_lam': [4.447153615393164], 'recovery_lam': [0.24252068820520722], 'x_lam': [1.3646103991049316], 'x_splines': [17.0], 'y_lam': [231.9416837089803], 'y_splines': [16.0]}}",,,0,2022-05-16 20:22:51.854,2022-05-16 20:22:54.708,2.0238361759815606,ok,29.3779799948216,18.812141666387852,4.447153615393164,0.24252068820520722,1.3646103991049316,17.0,231.9416837089803,16.0
2,91,,"{'loss': 2.0280781431868546, 'params': {'entry_lam': 20.559920135120247, 'pk_lam': 1.121493817921632, 'pp_lam': 378.4718493268324, 'recovery_lam': 0.013743452542216818, 'x_lam': 0.7603315250512411, 'x_splines': 12.0, 'y_lam': 0.3633891579204868, 'y_splines': 18.0}, 'status': 'ok'}","{'tid': 91, 'cmd': ('domain_attachment', 'FMinIter_Domain'), 'workdir': None, 'idxs': {'entry_lam': [91], 'pk_lam': [91], 'pp_lam': [91], 'recovery_lam': [91], 'x_lam': [91], 'x_splines': [91], 'y_lam': [91], 'y_splines': [91]}, 'vals': {'entry_lam': [20.559920135120247], 'pk_lam': [1.121493817921632], 'pp_lam': [378.4718493268324], 'recovery_lam': [0.013743452542216818], 'x_lam': [0.7603315250512411], 'x_splines': [12.0], 'y_lam': [0.3633891579204868], 'y_splines': [18.0]}}",,,0,2022-05-16 20:22:54.776,2022-05-16 20:22:57.529,2.0280781431868546,ok,20.559920135120247,1.121493817921632,378.4718493268324,0.013743452542216818,0.7603315250512411,12.0,0.3633891579204868,18.0
2,92,,"{'loss': 2.024646219512513, 'params': {'entry_lam': 172.26124853941408, 'pk_lam': 12.999786851290281, 'pp_lam': 64.48556391919543, 'recovery_lam': 37.48039227528191, 'x_lam': 0.5601307636849298, 'x_splines': 18.0, 'y_lam': 170.97680962417348, 'y_splines': 12.0}, 'status': 'ok'}","{'tid': 92, 'cmd': ('domain_attachment', 'FMinIter_Domain'), 'workdir': None, 'idxs': {'entry_lam': [92], 'pk_lam': [92], 'pp_lam': [92], 'recovery_lam': [92], 'x_lam': [92], 'x_splines': [92], 'y_lam': [92], 'y_splines': [92]}, 'vals': {'entry_lam': [172.26124853941408], 'pk_lam': [12.999786851290281], 'pp_lam': [64.48556391919543], 'recovery_lam': [37.48039227528191], 'x_lam': [0.5601307636849298], 'x_splines': [18.0], 'y_lam': [170.97680962417348], 'y_splines': [12.0]}}",,,0,2022-05-16 20:22:57.579,2022-05-16 20:22:59.852,2.024646219512513,ok,172.26124853941408,12.999786851290281,64.48556391919543,37.48039227528191,0.5601307636849298,18.0,170.97680962417348,12.0
2,93,,"{'loss': 2.0231053071305674, 'params': {'entry_lam': 0.2247598704441185, 'pk_lam': 246.25540836471959, 'pp_lam': 19.116416081819263, 'recovery_lam': 1.449247076513947, 'x_lam': 22.118272008605153, 'x_splines': 16.0, 'y_lam': 52.28107691607046, 'y_splines': 15.0}, 'status': 'ok'}","{'tid': 93, 'cmd': ('domain_attachment', 'FMinIter_Domain'), 'workdir': None, 'idxs': {'entry_lam': [93], 'pk_lam': [93], 'pp_lam': [93], 'recovery_lam': [93], 'x_lam': [93], 'x_splines': [93], 'y_lam': [93], 'y_splines': [93]}, 'vals': {'entry_lam': [0.2247598704441185], 'pk_lam': [246.25540836471959], 'pp_lam': [19.116416081819263], 'recovery_lam': [1.449247076513947], 'x_lam': [22.118272008605153], 'x_splines': [16.0], 'y_lam': [52.28107691607046], 'y_splines': [15.0]}}",,,0,2022-05-16 20:22:59.904,2022-05-16 20:23:02.432,2.0231053071305674,ok,0.2247598704441185,246.25540836471959,19.116416081819263,1.449247076513947,22.118272008605153,16.0,52.28107691607046,15.0
2,94,,"{'loss': 2.0236013992401034, 'params': {'entry_lam': 14.735978710774788, 'pk_lam': 0.5444248116399691, 'pp_lam': 13.605710457615796, 'recovery_lam': 0.5078379896890539, 'x_lam': 0.1414157083402715, 'x_splines': 11.0, 'y_lam': 33.35546179189392, 'y_splines': 10.0}, 'status': 'ok'}","{'tid': 94, 'cmd': ('domain_attachment', 'FMinIter_Domain'), 'workdir': None, 'idxs': {'entry_lam': [94], 'pk_lam': [94], 'pp_lam': [94], 'recovery_lam': [94], 'x_lam': [94], 'x_splines': [94], 'y_lam': [94], 'y_splines': [94]}, 'vals': {'entry_lam': [14.735978710774788], 'pk_lam': [0.5444248116399691], 'pp_lam': [13.605710457615796], 'recovery_lam': [0.5078379896890539], 'x_lam': [0.1414157083402715], 'x_splines': [11.0], 'y_lam': [33.35546179189392], 'y_splines': [10.0]}}",,,0,2022-05-16 20:23:02.481,2022-05-16 20:23:03.789,2.0236013992401034,ok,14.735978710774788,0.5444248116399691,13.605710457615796,0.5078379896890539,0.1414157083402715,11.0,33.35546179189392,10.0
2,95,,"{'loss': 2.0257108906663603, 'params': {'entry_lam': 285.79141868973664, 'pk_lam': 8.242605328994372, 'pp_lam': 0.10755454108227469, 'recovery_lam': 2.8993405255026574, 'x_lam': 13.16052159013984, 'x_splines': 19.0, 'y_lam': 1.298380797136535, 'y_splines': 17.0}, 'status': 'ok'}","{'tid': 95, 'cmd': ('domain_attachment', 'FMinIter_Domain'), 'workdir': None, 'idxs': {'entry_lam': [95], 'pk_lam': [95], 'pp_lam': [95], 'recovery_lam': [95], 'x_lam': [95], 'x_splines': [95], 'y_lam': [95], 'y_splines': [95]}, 'vals': {'entry_lam': [285.79141868973664], 'pk_lam': [8.242605328994372], 'pp_lam': [0.10755454108227469], 'recovery_lam': [2.8993405255026574], 'x_lam': [13.16052159013984], 'x_splines': [19.0], 'y_lam': [1.298380797136535], 'y_splines': [17.0]}}",,,0,2022-05-16 20:23:03.840,2022-05-16 20:23:08.553,2.0257108906663603,ok,285.79141868973664,8.242605328994372,0.10755454108227469,2.8993405255026574,13.16052159013984,19.0,1.298380797136535,17.0
2,96,,"{'loss': 2.0248569346430925, 'params': {'entry_lam': 0.5210056261841167, 'pk_lam': 114.29995225325945, 'pp_lam': 0.5720132020011146, 'recovery_lam': 0.9157584414613654, 'x_lam': 228.02648540654627, 'x_splines': 15.0, 'y_lam': 86.74777528898305, 'y_splines': 14.0}, 'status': 'ok'}","{'tid': 96, 'cmd': ('domain_attachment', 'FMinIter_Domain'), 'workdir': None, 'idxs': {'entry_lam': [96], 'pk_lam': [96], 'pp_lam': [96], 'recovery_lam': [96], 'x_lam': [96], 'x_splines': [96], 'y_lam': [96], 'y_splines': [96]}, 'vals': {'entry_lam': [0.5210056261841167], 'pk_lam': [114.29995225325945], 'pp_lam': [0.5720132020011146], 'recovery_lam': [0.9157584414613654], 'x_lam': [228.02648540654627], 'x_splines': [15.0], 'y_lam': [86.74777528898305], 'y_splines': [14.0]}}",,,0,2022-05-16 20:23:08.647,2022-05-16 20:23:10.816,2.0248569346430925,ok,0.5210056261841167,114.29995225325945,0.5720132020011146,0.9157584414613654,228.02648540654627,15.0,86.74777528898305,14.0
2,97,,"{'loss': 2.0232003259278395, 'params': {'entry_lam': 2.500420392805612, 'pk_lam': 79.94591966348665, 'pp_lam': 9.042138149756273, 'recovery_lam': 0.6902942611716316, 'x_lam': 9.070778480505016, 'x_splines': 10.0, 'y_lam': 297.5998404496517, 'y_splines': 19.0}, 'status': 'ok'}","{'tid': 97, 'cmd': ('domain_attachment', 'FMinIter_Domain'), 'workdir': None, 'idxs': {'entry_lam': [97], 'pk_lam': [97], 'pp_lam': [97], 'recovery_lam': [97], 'x_lam': [97], 'x_splines': [97], 'y_lam': [97], 'y_splines': [97]}, 'vals': {'entry_lam': [2.500420392805612], 'pk_lam': [79.94591966348665], 'pp_lam': [9.042138149756273], 'recovery_lam': [0.6902942611716316], 'x_lam': [9.070778480505016], 'x_splines': [10.0], 'y_lam': [297.5998404496517], 'y_splines': [19.0]}}",,,0,2022-05-16 20:23:10.910,2022-05-16 20:23:12.978,2.0232003259278395,ok,2.500420392805612,79.94591966348665,9.042138149756273,0.6902942611716316,9.070778480505016,10.0,297.5998404496517,19.0
2,98,,"{'loss': 2.023570241786101, 'params': {'entry_lam': 5.176363903909903, 'pk_lam': 2.270438483264704, 'pp_lam': 26.30493070955305, 'recovery_lam': 0.03866719297507545, 'x_lam': 85.94533265974023, 'x_splines': 23.0, 'y_lam': 556.2544081607284, 'y_splines': 15.0}, 'status': 'ok'}","{'tid': 98, 'cmd': ('domain_attachment', 'FMinIter_Domain'), 'workdir': None, 'idxs': {'entry_lam': [98], 'pk_lam': [98], 'pp_lam': [98], 'recovery_lam': [98], 'x_lam': [98], 'x_splines': [98], 'y_lam': [98], 'y_splines': [98]}, 'vals': {'entry_lam': [5.176363903909903], 'pk_lam': [2.270438483264704], 'pp_lam': [26.30493070955305], 'recovery_lam': [0.03866719297507545], 'x_lam': [85.94533265974023], 'x_splines': [23.0], 'y_lam': [556.2544081607284], 'y_splines': [15.0]}}",,,0,2022-05-16 20:23:13.038,2022-05-16 20:23:17.126,2.023570241786101,ok,5.176363903909903,2.270438483264704,26.30493070955305,0.03866719297507545,85.94533265974023,23.0,556.2544081607284,15.0
2,99,,"{'loss': 2.025055252170612, 'params': {'entry_lam': 1.0562582358276904, 'pk_lam': 848.609305380783, 'pp_lam': 174.1162683643091, 'recovery_lam': 2.0167969689124994, 'x_lam': 0.07346334186338906, 'x_splines': 14.0, 'y_lam': 12.138601420079855, 'y_splines': 12.0}, 'status': 'ok'}","{'tid': 99, 'cmd': ('domain_attachment', 'FMinIter_Domain'), 'workdir': None, 'idxs': {'entry_lam': [99], 'pk_lam': [99], 'pp_lam': [99], 'recovery_lam': [99], 'x_lam': [99], 'x_splines': [99], 'y_lam': [99], 'y_splines': [99]}, 'vals': {'entry_lam': [1.0562582358276904], 'pk_lam': [848.609305380783], 'pp_lam': [174.1162683643091], 'recovery_lam': [2.0167969689124994], 'x_lam': [0.07346334186338906], 'x_splines': [14.0], 'y_lam': [12.138601420079855], 'y_splines': [12.0]}}",,,0,2022-05-16 20:23:17.180,2022-05-16 20:23:19.073,2.025055252170612,ok,1.0562582358276904,848.609305380783,174.1162683643091,2.0167969689124994,0.07346334186338906,14.0,12.138601420079855,12.0
